Mon Oct  5 04:42:31 UTC 2026
Get:15 http://archive.ubuntu.com/ubuntu noble-backports/universe amd64 Packages [36.0 kB]
Fetched 11.4 MB in 2s (4959 kB/s)
Reading package lists...
## apt install
Reading package lists...
Building dependency tree...
Reading state information...
build-essential is already the newest version (12.10ubuntu1).
file is already the newest version (1:5.45-3build1).
dbus is already the newest version (1.14.10-4ubuntu4.1).
imagemagick is already the newest version (8:6.9.12.98+dfsg1-5.2build2).
poppler-utils is already the newest version (24.02.0-1ubuntu9.9).
fonts-dejavu-core is already the newest version (2.37-8).
pkg-config is already the newest version (1.8.1-2build1).
The following additional packages will be installed:
  aspell aspell-en bubblewrap dictionaries-common emacsen-common enchant-2
  fonts-droid-fallback fonts-noto-mono fonts-urw-base35 fuse3 gir1.2-atk-1.0
  gir1.2-atspi-2.0 gir1.2-ayatanaappindicator3-0.1 gir1.2-ayatanaido3-0.4
  gir1.2-dbusmenu-glib-0.4 gir1.2-freedesktop gir1.2-freedesktop-dev
  gir1.2-gdkpixbuf-2.0 gir1.2-girepository-2.0-dev gir1.2-glib-2.0
  gir1.2-glib-2.0-dev gir1.2-gtk-3.0 gir1.2-harfbuzz-0.0
  gir1.2-javascriptcoregtk-4.1 gir1.2-pango-1.0 gir1.2-rsvg-2.0
  gir1.2-soup-3.0 gir1.2-webkit2-4.1 glib-networking glib-networking-common
  glib-networking-services gobject-introspection gobject-introspection-bin
  gsettings-desktop-schemas gstreamer1.0-gl gstreamer1.0-plugins-base
  gstreamer1.0-plugins-good gstreamer1.0-x hunspell-en-us icu-devtools libaa1
  libaspell15 libatk-bridge2.0-dev libatk1.0-dev libatspi2.0-dev
  libauthen-sasl-perl libayatana-appindicator3-1 libayatana-ido3-0.4-0
  libayatana-ido3-dev libayatana-indicator3-7 libayatana-indicator3-dev
  libcdparanoia0 libclone-perl libcurl3t64-gnutls libcurl4t64
  libdata-dump-perl libdatrie-dev libdbus-1-dev libdbusmenu-glib-dev
  libdbusmenu-glib4 libdbusmenu-gtk3-4 libdeflate-dev libdv4t64 libegl-dev
  libegl-mesa0 libegl1 libegl1-mesa-dev libenchant-2-2 libencode-locale-perl
  libepoxy-dev libevdev2 libfile-basedir-perl libfile-desktopentry-perl
  libfile-listing-perl libfile-mimeinfo-perl libfont-afm-perl libfribidi-dev
  libfuse3-3 libgbm1 libgdk-pixbuf-2.0-dev libgdk-pixbuf2.0-bin
  libgirepository-1.0-dev libgirepository-2.0-0 libgirepository1.0-dev
  libgl-dev libgl1-mesa-dri libgles-dev libgles1 libgles2 libglib2.0-0t64
  libglib2.0-bin libglib2.0-data libglib2.0-dev libglib2.0-dev-bin
  libglvnd-core-dev libglvnd-dev libglx-dev libglx-mesa0 libgraphene-1.0-0
  libgraphite2-dev libgs-common libgs10 libgs10-common libgstreamer-gl1.0-0
  libgstreamer-plugins-base1.0-0 libgstreamer-plugins-good1.0-0 libgudev-1.0-0
  libharfbuzz-cairo0 libharfbuzz-dev libharfbuzz-gobject0 libharfbuzz-subset0
  libhtml-form-perl libhtml-format-perl libhtml-parser-perl
  libhtml-tagset-perl libhtml-tree-perl libhttp-cookies-perl
  libhttp-daemon-perl libhttp-date-perl libhttp-message-perl
  libhttp-negotiate-perl libicu-dev libid3tag0 libidn12 libijs-0.35
  libimlib2t64 libio-html-perl libio-socket-ssl-perl libio-stringy-perl
  libipc-system-simple-perl libjavascriptcoregtk-4.1-0 libjbig-dev
  libjbig2dec0 libjpeg-dev libjpeg-turbo8-dev libjpeg8-dev libjson-glib-1.0-0
  libjson-glib-1.0-common liblerc-dev liblwp-mediatypes-perl
  liblwp-protocol-https-perl libmailtools-perl libmanette-0.2-0
  libnet-dbus-perl libnet-http-perl libnet-smtp-ssl-perl libnet-ssleay-perl
  libnghttp2-dev libobrender32v5 libobt2v5 libopengl-dev libopengl0
  libpango1.0-dev libpangoxft-1.0-0 libpaper-utils libpaper1
  libpipewire-0.3-0t64 libpipewire-0.3-common libproxy1v5 libpsl-dev
  librsvg2-common libsecret-1-0 libsecret-common libsharpyuv-dev libshout3
  libsoup-3.0-0 libsoup-3.0-common libspa-0.2-modules libspectre1 libsqlite3-0
  libsqlite3-dev libssl3t64 libstartup-notification0 libsysprof-capture-4-dev
  libtag1v5 libtag1v5-vanilla libtext-iconv-perl libthai-dev
  libtie-ixhash-perl libtiff-dev libtiffxx6 libtimedate-perl libtry-tiny-perl
  liburi-perl libv4l-0t64 libv4lconvert0t64 libvisual-0.4-0 libwavpack1
  libwayland-bin libwayland-dev libwayland-server0 libwebkit2gtk-4.1-0
  libwebp-dev libwebpdecoder3 libwebrtc-audio-processing1 libwww-perl
  libwww-robotrules-perl libx11-protocol-perl libxcb-util1 libxcomposite-dev
  libxcursor-dev libxdamage-dev libxdo3 libxfixes-dev libxft-dev libxft2
  libxi-dev libxinerama-dev libxkbcommon-dev libxml-parser-perl
  libxml-twig-perl libxml-xpathengine-perl libxrandr-dev libxtst-dev
  libxxf86dga1 libzstd-dev mesa-libgallium obconf openssl pango1.0-tools
  perl-openssl-defaults poppler-data python3-mako python3-markdown
  python3-markupsafe python3-pygments session-migration wayland-protocols
  x11-xserver-utils xdg-dbus-proxy xdg-desktop-portal xdg-desktop-portal-gtk
  xserver-common zutty
Suggested packages:
  aspell-doc spellutils wordlist fonts-noto fonts-texgyre gvfs hunspell
  openoffice.org-hunspell | openoffice.org-core libdigest-hmac-perl
  libgssapi-perl libdatrie-doc libdv-bin oss-compat libenchant-2-voikko
  libgirepository1.0-doc low-memory-monitor libglib2.0-doc libgraphite2-utils
  libvisual-0.4-plugins libgtk-3-doc libio-compress-brotli-perl icu-doc
  libcrypt-ssleay-perl libnghttp2-doc libpango1.0-doc pipewire librsvg2-doc
  libsoup-3.0-doc sqlite3-doc libssl-doc libthai-doc libsub-name-perl
  libbusiness-isbn-perl libregexp-ipv6-perl libwayland-doc gstreamer1.0-libav
  gstreamer1.0-plugins-bad gstreamer1.0-alsa libauthen-ntlm-perl
  libunicode-map8-perl libunicode-string-perl xml-twig-tools fonts-dejavu
  libxml2-dev tint2 openbox-gnome-session openbox-kde-session graphicsmagick
  debhelper ghostscript fonts-japanese-mincho | fonts-ipafont-mincho
  fonts-arphic-ukai fonts-arphic-uming fonts-nanum python-mako-doc
  python3-beaker python-markdown-doc python-pygments-doc ttf-bitstream-vera
  mesa-utils nickle cairo-5c xorg-docs-core accountsservice evince
  xdg-desktop-portal-gnome
Recommended packages:
  xdg-user-dirs luit xfonts-base
The following NEW packages will be installed:
  aspell aspell-en bubblewrap dbus-x11 dictionaries-common emacsen-common
  enchant-2 fonts-droid-fallback fonts-noto-core fonts-noto-mono
  fonts-noto-ui-core fonts-urw-base35 fuse3 gir1.2-atk-1.0 gir1.2-atspi-2.0
  gir1.2-ayatanaappindicator3-0.1 gir1.2-ayatanaido3-0.4
  gir1.2-dbusmenu-glib-0.4 gir1.2-freedesktop gir1.2-freedesktop-dev
  gir1.2-gdkpixbuf-2.0 gir1.2-girepository-2.0-dev gir1.2-glib-2.0-dev
  gir1.2-gtk-3.0 gir1.2-harfbuzz-0.0 gir1.2-javascriptcoregtk-4.1
  gir1.2-pango-1.0 gir1.2-rsvg-2.0 gir1.2-soup-3.0 gir1.2-webkit2-4.1
  glib-networking glib-networking-common glib-networking-services
  gobject-introspection gobject-introspection-bin gsettings-desktop-schemas
  gstreamer1.0-gl gstreamer1.0-plugins-base gstreamer1.0-plugins-good
  gstreamer1.0-x hunspell-en-us icu-devtools libaa1 libaspell15
  libatk-bridge2.0-dev libatk1.0-dev libatspi2.0-dev libauthen-sasl-perl
  libayatana-appindicator3-1 libayatana-appindicator3-dev
  libayatana-ido3-0.4-0 libayatana-ido3-dev libayatana-indicator3-7
  libayatana-indicator3-dev libcdparanoia0 libclone-perl libdata-dump-perl
  libdatrie-dev libdbus-1-dev libdbusmenu-glib-dev libdbusmenu-glib4
  libdbusmenu-gtk3-4 libdeflate-dev libdv4t64 libegl-dev libegl-mesa0 libegl1
  libegl1-mesa-dev libenchant-2-2 libencode-locale-perl libepoxy-dev libevdev2
  libfile-basedir-perl libfile-desktopentry-perl libfile-listing-perl
  libfile-mimeinfo-perl libfont-afm-perl libfribidi-dev libfuse3-3
  libgdk-pixbuf-2.0-dev libgdk-pixbuf2.0-bin libgirepository-1.0-dev
  libgirepository1.0-dev libgl-dev libgles-dev libgles1 libgles2
  libglvnd-core-dev libglvnd-dev libglx-dev libgraphene-1.0-0 libgraphite2-dev
  libgs-common libgs10 libgs10-common libgstreamer-gl1.0-0
  libgstreamer-plugins-good1.0-0 libgtk-3-dev libgudev-1.0-0
  libharfbuzz-cairo0 libharfbuzz-dev libharfbuzz-gobject0 libharfbuzz-subset0
  libhtml-form-perl libhtml-format-perl libhtml-parser-perl
  libhtml-tagset-perl libhtml-tree-perl libhttp-cookies-perl
  libhttp-daemon-perl libhttp-date-perl libhttp-message-perl
  libhttp-negotiate-perl libicu-dev libid3tag0 libidn12 libijs-0.35
  libimlib2t64 libio-html-perl libio-socket-ssl-perl libio-stringy-perl
  libipc-system-simple-perl libjavascriptcoregtk-4.1-0
  libjavascriptcoregtk-4.1-dev libjbig-dev libjbig2dec0 libjpeg-dev
  libjpeg-turbo8-dev libjpeg8-dev libjson-glib-1.0-0 libjson-glib-1.0-common
  liblerc-dev liblwp-mediatypes-perl liblwp-protocol-https-perl
  libmailtools-perl libmanette-0.2-0 libnet-dbus-perl libnet-http-perl
  libnet-smtp-ssl-perl libnet-ssleay-perl libnghttp2-dev libobrender32v5
  libobt2v5 libopengl-dev libopengl0 libpango1.0-dev libpangoxft-1.0-0
  libpaper-utils libpaper1 libpipewire-0.3-0t64 libpipewire-0.3-common
  libproxy1v5 libpsl-dev librsvg2-common librsvg2-dev libsecret-1-0
  libsecret-common libsharpyuv-dev libshout3 libsoup-3.0-0 libsoup-3.0-common
  libsoup-3.0-dev libspa-0.2-modules libspectre1 libstartup-notification0
  libsysprof-capture-4-dev libtag1v5 libtag1v5-vanilla libtext-iconv-perl
  libthai-dev libtie-ixhash-perl libtiff-dev libtiffxx6 libtimedate-perl
  libtry-tiny-perl liburi-perl libv4l-0t64 libv4lconvert0t64 libvisual-0.4-0
  libwavpack1 libwayland-bin libwayland-dev libwayland-server0
  libwebkit2gtk-4.1-0 libwebkit2gtk-4.1-dev libwebp-dev libwebpdecoder3
  libwebrtc-audio-processing1 libwww-perl libwww-robotrules-perl
  libx11-protocol-perl libxcb-util1 libxcomposite-dev libxcursor-dev
  libxdamage-dev libxdo3 libxfixes-dev libxft-dev libxft2 libxi-dev
  libxinerama-dev libxkbcommon-dev libxml-parser-perl libxml-twig-perl
  libxml-xpathengine-perl libxrandr-dev libxtst-dev libxxf86dga1 libzstd-dev
  obconf openbox pango1.0-tools perl-openssl-defaults poppler-data
  python3-mako python3-markdown python3-markupsafe python3-pygments
  python3-venv scrot session-migration sqlite3 wayland-protocols
  webkit2gtk-driver x11-utils x11-xserver-utils xclip xdg-dbus-proxy
  xdg-desktop-portal xdg-desktop-portal-gtk xdg-utils xdotool zutty
The following packages will be upgraded:
  curl gir1.2-glib-2.0 libcurl3t64-gnutls libcurl4t64 libgbm1
  libgirepository-2.0-0 libgl1-mesa-dri libglib2.0-0t64 libglib2.0-bin
  libglib2.0-data libglib2.0-dev libglib2.0-dev-bin libglx-mesa0
  libgstreamer-plugins-base1.0-0 libsqlite3-0 libsqlite3-dev libssl-dev
  libssl3t64 mesa-libgallium openssl wget xserver-common xvfb
23 upgraded, 233 newly installed, 0 to remove and 133 not upgraded.
Need to get 128 MB of archives.
After this operation, 412 MB of additional disk space will be used.
Get:1 http://archive.ubuntu.com/ubuntu noble/main amd64 fonts-droid-fallback all 1:6.0.1r16-1.1build1 [1805 kB]
Get:2 http://archive.ubuntu.com/ubuntu noble/main amd64 poppler-data all 0.4.12-1 [2060 kB]
Get:3 http://archive.ubuntu.com/ubuntu noble-updates/main amd64 libssl-dev amd64 3.0.13-0ubuntu3.16 [2409 kB]
Get:4 http://archive.ubuntu.com/ubuntu noble-updates/main amd64 libssl3t64 amd64 3.0.13-0ubuntu3.16 [1945 kB]
Get:5 http://archive.ubuntu.com/ubuntu noble-updates/main amd64 libglib2.0-data all 2.80.0-6ubuntu3.9 [50.1 kB]
Get:6 http://archive.ubuntu.com/ubuntu noble-updates/main amd64 libglib2.0-dev amd64 2.80.0-6ubuntu3.9 [1860 kB]
Get:7 http://archive.ubuntu.com/ubuntu noble-updates/main amd64 libglib2.0-bin amd64 2.80.0-6ubuntu3.9 [97.9 kB]
Get:8 http://archive.ubuntu.com/ubuntu noble-updates/main amd64 libgirepository-2.0-0 amd64 2.80.0-6ubuntu3.9 [73.5 kB]
Get:9 http://archive.ubuntu.com/ubuntu noble-updates/main amd64 libglib2.0-dev-bin amd64 2.80.0-6ubuntu3.9 [138 kB]
Get:10 http://archive.ubuntu.com/ubuntu noble-updates/main amd64 gir1.2-glib-2.0 amd64 2.80.0-6ubuntu3.9 [183 kB]
Get:11 http://archive.ubuntu.com/ubuntu noble-updates/main amd64 libglib2.0-0t64 amd64 2.80.0-6ubuntu3.9 [1547 kB]
Get:12 http://archive.ubuntu.com/ubuntu noble-updates/main amd64 libsqlite3-dev amd64 3.45.1-1ubuntu2.8 [911 kB]
Get:13 http://archive.ubuntu.com/ubuntu noble-updates/main amd64 libsqlite3-0 amd64 3.45.1-1ubuntu2.8 [702 kB]
Get:14 http://archive.ubuntu.com/ubuntu noble/main amd64 libtext-iconv-perl amd64 1.7-8build3 [13.5 kB]
Get:15 http://archive.ubuntu.com/ubuntu noble-updates/main amd64 openssl amd64 3.0.13-0ubuntu3.16 [1004 kB]
Get:16 http://archive.ubuntu.com/ubuntu noble/main amd64 python3-pygments all 2.17.2+dfsg-1 [819 kB]
Get:17 http://archive.ubuntu.com/ubuntu noble/main amd64 libfuse3-3 amd64 3.14.0-5build1 [83.1 kB]
Get:18 http://archive.ubuntu.com/ubuntu noble/main amd64 fuse3 amd64 3.14.0-5build1 [25.2 kB]
Get:19 http://archive.ubuntu.com/ubuntu noble/main amd64 libevdev2 amd64 1.13.1+dfsg-1build1 [37.8 kB]
Get:20 http://archive.ubuntu.com/ubuntu noble-updates/main amd64 wget amd64 1.21.4-1ubuntu4.5 [334 kB]
Get:21 http://archive.ubuntu.com/ubuntu noble/main amd64 libaspell15 amd64 0.60.8.1-1build1 [323 kB]
Get:22 http://archive.ubuntu.com/ubuntu noble/main amd64 emacsen-common all 3.0.5 [12.1 kB]
Get:23 http://archive.ubuntu.com/ubuntu noble/main amd64 dictionaries-common all 1.29.7 [188 kB]
Get:24 http://archive.ubuntu.com/ubuntu noble/main amd64 aspell amd64 0.60.8.1-1build1 [88.1 kB]
Get:25 http://archive.ubuntu.com/ubuntu noble/main amd64 aspell-en all 2020.12.07-0-1 [303 kB]
Get:26 http://archive.ubuntu.com/ubuntu noble-updates/main amd64 bubblewrap amd64 0.9.0-1ubuntu0.3 [50.4 kB]
Get:27 http://archive.ubuntu.com/ubuntu noble-updates/main amd64 curl amd64 8.5.0-2ubuntu10.15 [227 kB]
Get:28 http://archive.ubuntu.com/ubuntu noble-updates/main amd64 libcurl4t64 amd64 8.5.0-2ubuntu10.15 [343 kB]
Get:29 http://archive.ubuntu.com/ubuntu noble-updates/main amd64 dbus-x11 amd64 1.14.10-4ubuntu4.1 [23.3 kB]
Get:30 http://archive.ubuntu.com/ubuntu noble/main amd64 hunspell-en-us all 1:2020.12.07-2 [280 kB]
Get:31 http://archive.ubuntu.com/ubuntu noble/main amd64 libenchant-2-2 amd64 2.3.3-2build2 [51.4 kB]
Get:32 http://archive.ubuntu.com/ubuntu noble/main amd64 enchant-2 amd64 2.3.3-2build2 [13.0 kB]
Get:33 http://archive.ubuntu.com/ubuntu noble/main amd64 fonts-noto-mono all 20201225-2 [435 kB]
Get:34 http://archive.ubuntu.com/ubuntu noble/main amd64 fonts-noto-core all 20201225-2 [13.3 MB]
Get:35 http://archive.ubuntu.com/ubuntu noble/main amd64 fonts-noto-ui-core all 20201225-2 [1552 kB]
Get:36 http://archive.ubuntu.com/ubuntu noble/main amd64 fonts-urw-base35 all 20200910-8 [11.0 MB]
Get:37 http://archive.ubuntu.com/ubuntu noble/main amd64 gir1.2-atk-1.0 amd64 2.52.0-1build1 [23.1 kB]
Get:38 http://archive.ubuntu.com/ubuntu noble/main amd64 gir1.2-freedesktop amd64 1.80.1-1 [49.7 kB]
Get:39 http://archive.ubuntu.com/ubuntu noble/main amd64 gir1.2-atspi-2.0 amd64 2.52.0-1build1 [19.8 kB]
Get:40 http://archive.ubuntu.com/ubuntu noble-updates/main amd64 gir1.2-gdkpixbuf-2.0 amd64 2.42.10+dfsg-3ubuntu3.3 [9482 B]
Get:41 http://archive.ubuntu.com/ubuntu noble/main amd64 libharfbuzz-gobject0 amd64 8.3.0-2build2 [34.3 kB]
Get:42 http://archive.ubuntu.com/ubuntu noble/main amd64 gir1.2-harfbuzz-0.0 amd64 8.3.0-2build2 [44.5 kB]
Get:43 http://archive.ubuntu.com/ubuntu noble/main amd64 libxft2 amd64 2.3.6-1build1 [45.3 kB]
Get:44 http://archive.ubuntu.com/ubuntu noble/main amd64 libpangoxft-1.0-0 amd64 1.52.1+ds-1build1 [20.3 kB]
Get:45 http://archive.ubuntu.com/ubuntu noble/main amd64 gir1.2-pango-1.0 amd64 1.52.1+ds-1build1 [34.8 kB]
Get:46 http://archive.ubuntu.com/ubuntu noble-updates/main amd64 gir1.2-gtk-3.0 amd64 3.24.41-4ubuntu1.3 [245 kB]
Get:47 http://archive.ubuntu.com/ubuntu noble/main amd64 libayatana-ido3-0.4-0 amd64 0.10.1-1build2 [56.6 kB]
Get:48 http://archive.ubuntu.com/ubuntu noble/main amd64 libayatana-indicator3-7 amd64 0.9.4-1build1 [31.7 kB]
Get:49 http://archive.ubuntu.com/ubuntu noble/main amd64 libdbusmenu-glib4 amd64 18.10.20180917~bzr492+repack1-3.1ubuntu5 [43.0 kB]
Get:50 http://archive.ubuntu.com/ubuntu noble/main amd64 libdbusmenu-gtk3-4 amd64 18.10.20180917~bzr492+repack1-3.1ubuntu5 [27.6 kB]
Get:51 http://archive.ubuntu.com/ubuntu noble/main amd64 libayatana-appindicator3-1 amd64 0.5.93-1build3 [24.7 kB]
Get:52 http://archive.ubuntu.com/ubuntu noble/main amd64 gir1.2-ayatanaappindicator3-0.1 amd64 0.5.93-1build3 [5838 B]
Get:53 http://archive.ubuntu.com/ubuntu noble/main amd64 gir1.2-ayatanaido3-0.4 amd64 0.10.1-1build2 [6410 B]
Get:54 http://archive.ubuntu.com/ubuntu noble/main amd64 gir1.2-dbusmenu-glib-0.4 amd64 18.10.20180917~bzr492+repack1-3.1ubuntu5 [7088 B]
Get:55 http://archive.ubuntu.com/ubuntu noble-updates/main amd64 gir1.2-glib-2.0-dev amd64 2.80.0-6ubuntu3.9 [848 kB]
Get:56 http://archive.ubuntu.com/ubuntu noble/main amd64 gir1.2-freedesktop-dev amd64 1.80.1-1 [28.8 kB]
Get:57 http://archive.ubuntu.com/ubuntu noble/main amd64 gir1.2-girepository-2.0-dev amd64 1.80.1-1 [41.5 kB]
Get:58 http://archive.ubuntu.com/ubuntu noble-updates/main amd64 libjavascriptcoregtk-4.1-0 amd64 2.52.6-0ubuntu0.24.04.1 [8156 kB]
Get:59 http://archive.ubuntu.com/ubuntu noble-updates/main amd64 gir1.2-javascriptcoregtk-4.1 amd64 2.52.6-0ubuntu0.24.04.1 [38.6 kB]
Get:60 http://archive.ubuntu.com/ubuntu noble/main amd64 gir1.2-rsvg-2.0 amd64 2.58.0+dfsg-1build1 [11.1 kB]
Get:61 http://archive.ubuntu.com/ubuntu noble-updates/main amd64 libcurl3t64-gnutls amd64 8.5.0-2ubuntu10.15 [336 kB]
Get:62 http://archive.ubuntu.com/ubuntu noble/main amd64 libproxy1v5 amd64 0.5.4-4build1 [26.5 kB]
Get:63 http://archive.ubuntu.com/ubuntu noble/main amd64 glib-networking-common all 2.80.0-1build1 [6702 B]
Get:64 http://archive.ubuntu.com/ubuntu noble/main amd64 glib-networking-services amd64 2.80.0-1build1 [12.8 kB]
Get:65 http://archive.ubuntu.com/ubuntu noble/main amd64 session-migration amd64 0.3.9build1 [9034 B]
Get:66 http://archive.ubuntu.com/ubuntu noble-updates/main amd64 gsettings-desktop-schemas all 46.1-0ubuntu1 [35.6 kB]
Get:67 http://archive.ubuntu.com/ubuntu noble/main amd64 glib-networking amd64 2.80.0-1build1 [64.1 kB]
Get:68 http://archive.ubuntu.com/ubuntu noble-updates/main amd64 libsoup-3.0-common all 3.4.4-5ubuntu0.8 [11.7 kB]
Get:69 http://archive.ubuntu.com/ubuntu noble-updates/main amd64 libsoup-3.0-0 amd64 3.4.4-5ubuntu0.8 [290 kB]
Get:70 http://archive.ubuntu.com/ubuntu noble-updates/main amd64 gir1.2-soup-3.0 amd64 3.4.4-5ubuntu0.8 [22.5 kB]
Get:71 http://archive.ubuntu.com/ubuntu noble/main amd64 libcdparanoia0 amd64 3.10.2+debian-14build3 [48.5 kB]
Get:72 http://archive.ubuntu.com/ubuntu noble-updates/main amd64 libgstreamer-plugins-base1.0-0 amd64 1.24.2-1ubuntu0.5 [862 kB]
Get:73 http://archive.ubuntu.com/ubuntu noble/main amd64 libvisual-0.4-0 amd64 0.4.2-2build1 [115 kB]
Get:74 http://archive.ubuntu.com/ubuntu noble-updates/main amd64 gstreamer1.0-plugins-base amd64 1.24.2-1ubuntu0.5 [721 kB]
Get:75 http://archive.ubuntu.com/ubuntu noble/main amd64 libaa1 amd64 1.4p5-51.1 [49.9 kB]
Get:76 http://archive.ubuntu.com/ubuntu noble/main amd64 libdv4t64 amd64 1.0.0-17.1build1 [63.2 kB]
Get:77 http://archive.ubuntu.com/ubuntu noble-updates/main amd64 libgstreamer-plugins-good1.0-0 amd64 1.24.2-1ubuntu1.8 [34.3 kB]
Get:78 http://archive.ubuntu.com/ubuntu noble/main amd64 libgudev-1.0-0 amd64 1:238-5ubuntu1 [15.9 kB]
Get:79 http://archive.ubuntu.com/ubuntu noble/main amd64 libshout3 amd64 2.4.6-1build2 [50.3 kB]
Get:80 http://archive.ubuntu.com/ubuntu noble/main amd64 libtag1v5-vanilla amd64 1.13.1-1build1 [326 kB]
Get:81 http://archive.ubuntu.com/ubuntu noble/main amd64 libtag1v5 amd64 1.13.1-1build1 [11.7 kB]
Get:82 http://archive.ubuntu.com/ubuntu noble/main amd64 libv4lconvert0t64 amd64 1.26.1-4build3 [87.6 kB]
Get:83 http://archive.ubuntu.com/ubuntu noble/main amd64 libv4l-0t64 amd64 1.26.1-4build3 [46.9 kB]
Get:84 http://archive.ubuntu.com/ubuntu noble/main amd64 libwavpack1 amd64 5.6.0-1build1 [84.6 kB]
Get:85 http://archive.ubuntu.com/ubuntu noble-updates/main amd64 gstreamer1.0-plugins-good amd64 1.24.2-1ubuntu1.8 [2236 kB]
Get:86 http://archive.ubuntu.com/ubuntu noble/main amd64 libgles2 amd64 1.7.0-1build1 [17.1 kB]
Get:87 http://archive.ubuntu.com/ubuntu noble-updates/main amd64 xdg-dbus-proxy amd64 0.1.5-1ubuntu0.2 [26.4 kB]
Get:88 http://archive.ubuntu.com/ubuntu noble-updates/main amd64 libgl1-mesa-dri amd64 25.2.8-0ubuntu0.24.04.4 [38.0 kB]
Get:89 http://archive.ubuntu.com/ubuntu noble-updates/main amd64 libglx-mesa0 amd64 25.2.8-0ubuntu0.24.04.4 [110 kB]
Get:90 http://archive.ubuntu.com/ubuntu noble-updates/main amd64 libgbm1 amd64 25.2.8-0ubuntu0.24.04.4 [34.2 kB]
Get:91 http://archive.ubuntu.com/ubuntu noble-updates/main amd64 mesa-libgallium amd64 25.2.8-0ubuntu0.24.04.4 [10.8 MB]
Get:92 http://archive.ubuntu.com/ubuntu noble-updates/main amd64 libegl-mesa0 amd64 25.2.8-0ubuntu0.24.04.4 [117 kB]
Get:93 http://archive.ubuntu.com/ubuntu noble/main amd64 libegl1 amd64 1.7.0-1build1 [28.7 kB]
Get:94 http://archive.ubuntu.com/ubuntu noble-updates/main amd64 libgstreamer-gl1.0-0 amd64 1.24.2-1ubuntu0.5 [214 kB]
Get:95 http://archive.ubuntu.com/ubuntu noble/main amd64 libmanette-0.2-0 amd64 0.2.7-1build2 [30.6 kB]
Get:96 http://archive.ubuntu.com/ubuntu noble/main amd64 libsecret-common all 0.21.4-1build3 [4962 B]
Get:97 http://archive.ubuntu.com/ubuntu noble/main amd64 libsecret-1-0 amd64 0.21.4-1build3 [116 kB]
Get:98 http://archive.ubuntu.com/ubuntu noble/main amd64 libwayland-server0 amd64 1.22.0-2.1build1 [33.9 kB]
Get:99 http://archive.ubuntu.com/ubuntu noble-updates/main amd64 libwebkit2gtk-4.1-0 amd64 2.52.6-0ubuntu0.24.04.1 [25.5 MB]
Get:100 http://archive.ubuntu.com/ubuntu noble-updates/main amd64 gir1.2-webkit2-4.1 amd64 2.52.6-0ubuntu0.24.04.1 [105 kB]
Get:101 http://archive.ubuntu.com/ubuntu noble/main amd64 python3-markupsafe amd64 2.1.5-1build2 [12.7 kB]
Get:102 http://archive.ubuntu.com/ubuntu noble-updates/main amd64 python3-mako all 1.3.2-1ubuntu0.1 [63.4 kB]
Get:103 http://archive.ubuntu.com/ubuntu noble/main amd64 python3-markdown all 3.5.2-1 [72.0 kB]
Get:104 http://archive.ubuntu.com/ubuntu noble/main amd64 gobject-introspection-bin amd64 1.80.1-1 [254 kB]
Get:105 http://archive.ubuntu.com/ubuntu noble/main amd64 gobject-introspection amd64 1.80.1-1 [105 kB]
Get:106 http://archive.ubuntu.com/ubuntu noble/main amd64 libgraphene-1.0-0 amd64 1.10.8-3build2 [46.2 kB]
Get:107 http://archive.ubuntu.com/ubuntu noble-updates/main amd64 gstreamer1.0-gl amd64 1.24.2-1ubuntu0.5 [116 kB]
Get:108 http://archive.ubuntu.com/ubuntu noble-updates/main amd64 gstreamer1.0-x amd64 1.24.2-1ubuntu0.5 [85.1 kB]
Get:109 http://archive.ubuntu.com/ubuntu noble-updates/main amd64 icu-devtools amd64 74.2-1ubuntu3.1 [212 kB]
Get:110 http://archive.ubuntu.com/ubuntu noble/main amd64 libatk1.0-dev amd64 2.52.0-1build1 [100 kB]
Get:111 http://archive.ubuntu.com/ubuntu noble-updates/main amd64 libdbus-1-dev amd64 1.14.10-4ubuntu4.1 [190 kB]
Get:112 http://archive.ubuntu.com/ubuntu noble/main amd64 libxfixes-dev amd64 1:6.0.0-2build1 [12.1 kB]
Get:113 http://archive.ubuntu.com/ubuntu noble/main amd64 libxi-dev amd64 2:1.8.1-1build1 [194 kB]
Get:114 http://archive.ubuntu.com/ubuntu noble/main amd64 libxtst-dev amd64 2:1.2.3-1.1build1 [15.9 kB]
Get:115 http://archive.ubuntu.com/ubuntu noble/main amd64 libatspi2.0-dev amd64 2.52.0-1build1 [76.2 kB]
Get:116 http://archive.ubuntu.com/ubuntu noble/main amd64 libatk-bridge2.0-dev amd64 2.52.0-1build1 [4284 B]
Get:117 http://archive.ubuntu.com/ubuntu noble/main amd64 libglx-dev amd64 1.7.0-1build1 [14.2 kB]
Get:118 http://archive.ubuntu.com/ubuntu noble/main amd64 libgl-dev amd64 1.7.0-1build1 [102 kB]
Get:119 http://archive.ubuntu.com/ubuntu noble/main amd64 libegl-dev amd64 1.7.0-1build1 [18.2 kB]
Get:120 http://archive.ubuntu.com/ubuntu noble/main amd64 libglvnd-core-dev amd64 1.7.0-1build1 [13.6 kB]
Get:121 http://archive.ubuntu.com/ubuntu noble/main amd64 libgles1 amd64 1.7.0-1build1 [11.6 kB]
Get:122 http://archive.ubuntu.com/ubuntu noble/main amd64 libgles-dev amd64 1.7.0-1build1 [50.5 kB]
Get:123 http://archive.ubuntu.com/ubuntu noble/main amd64 libopengl0 amd64 1.7.0-1build1 [32.8 kB]
## cargo install tauri-driver (root ./.tools/cargo-tools) Mon Oct  5 04:43:21 UTC 2026
Get:124 http://archive.ubuntu.com/ubuntu noble/main amd64 libopengl-dev amd64 1.7.0-1build1 [3454 B]
Get:125 http://archive.ubuntu.com/ubuntu noble/main amd64 libglvnd-dev amd64 1.7.0-1build1 [3198 B]
    Updating crates.io index
Get:126 http://archive.ubuntu.com/ubuntu noble-updates/main amd64 libegl1-mesa-dev amd64 25.2.8-0ubuntu0.24.04.4 [26.8 kB]
 Downloading crates ...
Get:127 http://archive.ubuntu.com/ubuntu noble/main amd64 libepoxy-dev amd64 1.5.10-1build1 [132 kB]
Get:128 http://archive.ubuntu.com/ubuntu noble/main amd64 libfribidi-dev amd64 1.0.13-3build1 [64.8 kB]
Get:129 http://archive.ubuntu.com/ubuntu noble-updates/main amd64 libgdk-pixbuf2.0-bin amd64 2.42.10+dfsg-3ubuntu3.3 [13.9 kB]
Get:130 http://archive.ubuntu.com/ubuntu noble/main amd64 libjpeg-turbo8-dev amd64 2.1.5-2ubuntu2 [295 kB]
Get:131 http://archive.ubuntu.com/ubuntu noble/main amd64 libjpeg8-dev amd64 8c-2ubuntu11 [1484 B]
  Downloaded tauri-driver v2.1.0
Get:132 http://archive.ubuntu.com/ubuntu noble/main amd64 libjpeg-dev amd64 8c-2ubuntu11 [1482 B]
  Installing tauri-driver v2.1.0
    Updating crates.io index
Get:133 http://archive.ubuntu.com/ubuntu noble/main amd64 libjbig-dev amd64 2.1-6.1ubuntu2 [27.9 kB]
Get:134 http://archive.ubuntu.com/ubuntu noble-updates/main amd64 libzstd-dev amd64 1.5.5+dfsg2-2build1.1 [364 kB]
Get:135 http://archive.ubuntu.com/ubuntu noble/main amd64 libwebpdecoder3 amd64 1.3.2-0.4build3 [114 kB]
Get:136 http://archive.ubuntu.com/ubuntu noble/main amd64 libsharpyuv-dev amd64 1.3.2-0.4build3 [16.0 kB]
Get:137 http://archive.ubuntu.com/ubuntu noble/main amd64 libwebp-dev amd64 1.3.2-0.4build3 [367 kB]
Get:138 http://archive.ubuntu.com/ubuntu noble-updates/main amd64 libtiffxx6 amd64 4.5.1+git230720-4ubuntu2.5 [5642 B]
Get:139 http://archive.ubuntu.com/ubuntu noble-updates/main amd64 libdeflate-dev amd64 1.19-1build1.1 [50.9 kB]
    Updating crates.io index
Get:140 http://archive.ubuntu.com/ubuntu noble/main amd64 liblerc-dev amd64 4.0.0+ds-4ubuntu2 [182 kB]
Get:141 http://archive.ubuntu.com/ubuntu noble-updates/main amd64 libtiff-dev amd64 4.5.1+git230720-4ubuntu2.5 [338 kB]
 Downloading crates ...
  Downloaded atomic-waker v1.1.2
  Downloaded anyhow v1.0.103
Get:142 http://archive.ubuntu.com/ubuntu noble-updates/main amd64 libgdk-pixbuf-2.0-dev amd64 2.42.10+dfsg-3ubuntu3.3 [47.9 kB]
  Downloaded httpdate v1.0.3
  Downloaded futures-core v0.3.31
  Downloaded futures-macro v0.3.31
  Downloaded futures-io v0.3.31
  Downloaded fnv v1.0.7
  Downloaded itoa v1.0.14
  Downloaded futures-task v0.3.31
  Downloaded http-body v1.0.1
  Downloaded env_home v0.1.0
  Downloaded futures-sink v0.3.31
  Downloaded http-body-util v0.1.2
  Downloaded futures-channel v0.3.31
  Downloaded errno v0.3.10
  Downloaded pico-args v0.5.0
  Downloaded autocfg v1.4.0
  Downloaded try-lock v0.2.5
  Downloaded tower-service v0.3.3
  Downloaded pin-utils v0.1.0
  Downloaded signal-hook-tokio v0.4.0
  Downloaded want v0.3.1
  Downloaded bitflags v2.13.0
  Downloaded futures v0.3.31
Get:143 http://archive.ubuntu.com/ubuntu noble/main amd64 libharfbuzz-subset0 amd64 8.3.0-2build2 [448 kB]
  Downloaded tokio-macros v2.5.0
  Downloaded futures-executor v0.3.31
  Downloaded signal-hook-registry v1.4.2
  Downloaded which v8.0.0
  Downloaded pin-project-lite v0.2.16
  Downloaded slab v0.4.9
  Downloaded once_cell v1.21.4
  Downloaded smallvec v1.15.2
  Downloaded httparse v1.9.5
  Downloaded bytes v1.11.1
  Downloaded quote v1.0.46
  Downloaded proc-macro2 v1.0.106
  Downloaded serde_derive v1.0.228
  Downloaded tracing-core v0.1.33
  Downloaded unicode-ident v1.0.14
  Downloaded signal-hook v0.4.1
  Downloaded socket2 v0.5.8
  Downloaded serde_core v1.0.228
  Downloaded socket2 v0.6.1
  Downloaded ryu v1.0.18
  Downloaded serde v1.0.228
  Downloaded tracing v0.1.41
  Downloaded hyper-util v0.1.19
  Downloaded mio v1.0.3
  Downloaded http v1.3.1
  Downloaded memchr v2.8.2
Get:144 http://archive.ubuntu.com/ubuntu noble/main amd64 libharfbuzz-cairo0 amd64 8.3.0-2build2 [26.2 kB]
  Downloaded futures-util v0.3.31
  Downloaded hyper v1.8.1
  Downloaded serde_json v1.0.145
  Downloaded syn v2.0.117
  Downloaded rustix v1.0.7
  Downloaded tokio v1.45.1
  Downloaded libc v0.2.189
Get:145 http://archive.ubuntu.com/ubuntu noble-updates/main amd64 libgraphite2-dev amd64 1.3.14-2ubuntu0.24.04.1 [14.7 kB]
  Downloaded linux-raw-sys v0.9.4
Get:146 http://archive.ubuntu.com/ubuntu noble-updates/main amd64 libicu-dev amd64 74.2-1ubuntu3.1 [11.9 MB]
   Compiling proc-macro2 v1.0.106
   Compiling quote v1.0.46
   Compiling unicode-ident v1.0.14
   Compiling libc v0.2.189
Get:147 http://archive.ubuntu.com/ubuntu noble/main amd64 libharfbuzz-dev amd64 8.3.0-2build2 [142 kB]
Get:148 http://archive.ubuntu.com/ubuntu noble/main amd64 libdatrie-dev amd64 0.2.13-3build1 [19.4 kB]
   Compiling pin-project-lite v0.2.16
Get:149 http://archive.ubuntu.com/ubuntu noble/main amd64 libthai-dev amd64 0.1.29-2build1 [26.6 kB]
   Compiling autocfg v1.4.0
Get:150 http://archive.ubuntu.com/ubuntu noble/main amd64 libxft-dev amd64 2.3.6-1build1 [64.3 kB]
Get:151 http://archive.ubuntu.com/ubuntu noble/main amd64 pango1.0-tools amd64 1.52.1+ds-1build1 [36.7 kB]
   Compiling futures-core v0.3.31
Get:152 http://archive.ubuntu.com/ubuntu noble/main amd64 libpango1.0-dev amd64 1.52.1+ds-1build1 [147 kB]
Get:153 http://archive.ubuntu.com/ubuntu noble/main amd64 libwayland-bin amd64 1.22.0-2.1build1 [20.6 kB]
   Compiling futures-sink v0.3.31
Get:154 http://archive.ubuntu.com/ubuntu noble/main amd64 libwayland-dev amd64 1.22.0-2.1build1 [71.3 kB]
   Compiling slab v0.4.9
   Compiling futures-channel v0.3.31
Get:155 http://archive.ubuntu.com/ubuntu noble/main amd64 libxcomposite-dev amd64 1:0.4.5-1build3 [9374 B]
   Compiling itoa v1.0.14
Get:156 http://archive.ubuntu.com/ubuntu noble/main amd64 libxcursor-dev amd64 1:1.2.1-1build1 [31.8 kB]
   Compiling memchr v2.8.2
   Compiling pin-utils v0.1.0
Get:157 http://archive.ubuntu.com/ubuntu noble/main amd64 libxdamage-dev amd64 1:1.1.6-1build1 [5270 B]
Get:158 http://archive.ubuntu.com/ubuntu noble/main amd64 libxinerama-dev amd64 2:1.1.4-3build1 [7988 B]
Get:159 http://archive.ubuntu.com/ubuntu noble/main amd64 libxkbcommon-dev amd64 1.6.0-1build1 [56.3 kB]
   Compiling syn v2.0.117
Get:160 http://archive.ubuntu.com/ubuntu noble/main amd64 libxrandr-dev amd64 2:1.5.2-2build1 [26.4 kB]
   Compiling bytes v1.11.1
Get:161 http://archive.ubuntu.com/ubuntu noble-updates/main amd64 wayland-protocols all 1.45-1~ubuntu0.24.04.2 [114 kB]
Get:162 http://archive.ubuntu.com/ubuntu noble-updates/main amd64 libgtk-3-dev amd64 3.24.41-4ubuntu1.3 [1096 kB]
   Compiling futures-io v0.3.31
Get:163 http://archive.ubuntu.com/ubuntu noble/main amd64 libayatana-ido3-dev amd64 0.10.1-1build2 [14.2 kB]
   Compiling futures-task v0.3.31
Get:164 http://archive.ubuntu.com/ubuntu noble/main amd64 libayatana-indicator3-dev amd64 0.9.4-1build1 [6956 B]
   Compiling fnv v1.0.7
   Compiling mio v1.0.3
Get:165 http://archive.ubuntu.com/ubuntu noble/main amd64 libdbusmenu-glib-dev amd64 18.10.20180917~bzr492+repack1-3.1ubuntu5 [70.6 kB]
Get:166 http://archive.ubuntu.com/ubuntu noble/main amd64 libayatana-appindicator3-dev amd64 0.5.93-1build3 [14.9 kB]
Get:167 http://archive.ubuntu.com/ubuntu noble/main amd64 libclone-perl amd64 0.46-1build3 [10.7 kB]
Get:168 http://archive.ubuntu.com/ubuntu noble/main amd64 libdata-dump-perl all 1.25-1 [25.9 kB]
Get:169 http://archive.ubuntu.com/ubuntu noble/main amd64 libencode-locale-perl all 1.05-3 [11.6 kB]
   Compiling http v1.3.1
   Compiling socket2 v0.5.8
Get:170 http://archive.ubuntu.com/ubuntu noble/main amd64 libipc-system-simple-perl all 1.30-2 [22.3 kB]
Get:171 http://archive.ubuntu.com/ubuntu noble/main amd64 libfile-basedir-perl all 0.09-2 [14.4 kB]
   Compiling httparse v1.9.5
Get:172 http://archive.ubuntu.com/ubuntu noble/main amd64 liburi-perl all 5.27-1 [88.0 kB]
Get:173 http://archive.ubuntu.com/ubuntu noble/main amd64 libfile-desktopentry-perl all 0.22-3 [16.8 kB]
   Compiling serde_core v1.0.228
Get:174 http://archive.ubuntu.com/ubuntu noble/main amd64 libtimedate-perl all 2.3300-2 [34.0 kB]
Get:175 http://archive.ubuntu.com/ubuntu noble-updates/main amd64 libhttp-date-perl all 6.06-1ubuntu0.24.04.1 [10.6 kB]
   Compiling rustix v1.0.7
Get:176 http://archive.ubuntu.com/ubuntu noble/main amd64 libfile-listing-perl all 6.16-1 [11.3 kB]
   Compiling try-lock v0.2.5
Get:177 http://archive.ubuntu.com/ubuntu noble/main amd64 libfile-mimeinfo-perl all 0.34-1 [42.1 kB]
   Compiling signal-hook v0.4.1
Get:178 http://archive.ubuntu.com/ubuntu noble/main amd64 libfont-afm-perl all 1.20-4 [13.0 kB]
   Compiling http-body v1.0.1
   Compiling once_cell v1.21.4
Get:179 http://archive.ubuntu.com/ubuntu noble/main amd64 libgirepository-1.0-dev amd64 1.80.1-1 [28.5 kB]
   Compiling want v0.3.1
Get:180 http://archive.ubuntu.com/ubuntu noble/main amd64 libgirepository1.0-dev amd64 1.80.1-1 [17.0 kB]
   Compiling tracing-core v0.1.33
Get:181 http://archive.ubuntu.com/ubuntu noble-updates/main amd64 libgs-common all 10.02.1~dfsg1-0ubuntu7.9 [176 kB]
Get:182 http://archive.ubuntu.com/ubuntu noble-updates/main amd64 libgs10-common all 10.02.1~dfsg1-0ubuntu7.9 [488 kB]
Get:183 http://archive.ubuntu.com/ubuntu noble-updates/main amd64 libidn12 amd64 1.42-1ubuntu0.1 [56.1 kB]
Get:184 http://archive.ubuntu.com/ubuntu noble/main amd64 libijs-0.35 amd64 0.35-15.1build1 [15.3 kB]
Get:185 http://archive.ubuntu.com/ubuntu noble-updates/main amd64 libjbig2dec0 amd64 0.20-1ubuntu0.24.04.1 [65.2 kB]
   Compiling signal-hook-registry v1.4.2
Get:186 http://archive.ubuntu.com/ubuntu noble/main amd64 libpaper1 amd64 1.1.29build1 [13.4 kB]
   Compiling bitflags v2.13.0
Get:187 http://archive.ubuntu.com/ubuntu noble-updates/main amd64 libgs10 amd64 10.02.1~dfsg1-0ubuntu7.9 [3898 kB]
   Compiling futures-macro v0.3.31
   Compiling tokio-macros v2.5.0
   Compiling httpdate v1.0.3
   Compiling futures-util v0.3.31
Get:188 http://archive.ubuntu.com/ubuntu noble/main amd64 libhtml-tagset-perl all 3.20-6 [11.3 kB]
   Compiling tokio v1.45.1
   Compiling smallvec v1.15.2
Get:189 http://archive.ubuntu.com/ubuntu noble-updates/main amd64 libhtml-parser-perl amd64 3.81-1ubuntu0.1 [86.0 kB]
Get:190 http://archive.ubuntu.com/ubuntu noble/main amd64 libio-html-perl all 1.004-3 [15.9 kB]
   Compiling serde_json v1.0.145
Get:191 http://archive.ubuntu.com/ubuntu noble/main amd64 liblwp-mediatypes-perl all 6.04-2 [20.1 kB]
   Compiling serde v1.0.228
Get:192 http://archive.ubuntu.com/ubuntu noble/main amd64 libhttp-message-perl all 6.45-1ubuntu1 [78.2 kB]
   Compiling anyhow v1.0.103
Get:193 http://archive.ubuntu.com/ubuntu noble/main amd64 libhtml-form-perl all 6.11-1 [32.1 kB]
Get:194 http://archive.ubuntu.com/ubuntu noble/main amd64 libhtml-tree-perl all 5.07-3 [200 kB]
   Compiling atomic-waker v1.1.2
Get:195 http://archive.ubuntu.com/ubuntu noble/main amd64 libhtml-format-perl all 2.16-2 [36.9 kB]
   Compiling linux-raw-sys v0.9.4
Get:196 http://archive.ubuntu.com/ubuntu noble/main amd64 libhttp-cookies-perl all 6.11-1 [18.2 kB]
Get:197 http://archive.ubuntu.com/ubuntu noble-updates/main amd64 libhttp-daemon-perl all 6.16-1ubuntu0.24.04.1 [22.8 kB]
Get:198 http://archive.ubuntu.com/ubuntu noble/main amd64 libhttp-negotiate-perl all 6.01-2 [12.4 kB]
Get:199 http://archive.ubuntu.com/ubuntu noble/universe amd64 libid3tag0 amd64 0.15.1b-14build1 [33.6 kB]
Get:200 http://archive.ubuntu.com/ubuntu noble/main amd64 libspectre1 amd64 0.2.12-1build2 [30.9 kB]
   Compiling serde_derive v1.0.228
Get:201 http://archive.ubuntu.com/ubuntu noble/universe amd64 libimlib2t64 amd64 1.12.1-1.1build2 [208 kB]
Get:202 http://archive.ubuntu.com/ubuntu noble/main amd64 perl-openssl-defaults amd64 7build3 [6626 B]
Get:203 http://archive.ubuntu.com/ubuntu noble/main amd64 libnet-ssleay-perl amd64 1.94-1build4 [316 kB]
Get:204 http://archive.ubuntu.com/ubuntu noble/main amd64 libio-socket-ssl-perl all 2.085-1 [195 kB]
Get:205 http://archive.ubuntu.com/ubuntu noble/main amd64 libio-stringy-perl all 2.111-3 [55.8 kB]
Get:206 http://archive.ubuntu.com/ubuntu noble-updates/universe amd64 libjavascriptcoregtk-4.1-dev amd64 2.52.6-0ubuntu0.24.04.1 [69.8 kB]
Get:207 http://archive.ubuntu.com/ubuntu noble/main amd64 libjson-glib-1.0-common all 1.8.0-2build2 [4244 B]
Get:208 http://archive.ubuntu.com/ubuntu noble/main amd64 libjson-glib-1.0-0 amd64 1.8.0-2build2 [68.0 kB]
Get:209 http://archive.ubuntu.com/ubuntu noble/main amd64 libnet-http-perl all 6.23-1 [22.3 kB]
Get:210 http://archive.ubuntu.com/ubuntu noble/main amd64 libtry-tiny-perl all 0.31-2 [20.8 kB]
Get:211 http://archive.ubuntu.com/ubuntu noble/main amd64 libwww-robotrules-perl all 6.02-1 [12.6 kB]
Get:212 http://archive.ubuntu.com/ubuntu noble-updates/main amd64 libwww-perl all 6.76-1ubuntu0.1 [139 kB]
Get:213 http://archive.ubuntu.com/ubuntu noble/main amd64 liblwp-protocol-https-perl all 6.13-1 [9006 B]
Get:214 http://archive.ubuntu.com/ubuntu noble/main amd64 libnet-smtp-ssl-perl all 1.04-2 [6218 B]
Get:215 http://archive.ubuntu.com/ubuntu noble/main amd64 libmailtools-perl all 2.21-2 [80.4 kB]
Get:216 http://archive.ubuntu.com/ubuntu noble-updates/main amd64 libxml-parser-perl amd64 2.47-1ubuntu0.24.04.1 [204 kB]
   Compiling futures-executor v0.3.31
Get:217 http://archive.ubuntu.com/ubuntu noble/main amd64 libxml-twig-perl all 1:3.52-2 [158 kB]
Get:218 http://archive.ubuntu.com/ubuntu noble/main amd64 libnet-dbus-perl amd64 1.2.0-2build3 [165 kB]
Get:219 http://archive.ubuntu.com/ubuntu noble-updates/main amd64 libnghttp2-dev amd64 1.59.0-1ubuntu0.4 [117 kB]
   Compiling hyper v1.8.1
Get:220 http://archive.ubuntu.com/ubuntu noble/universe amd64 libobt2v5 amd64 3.6.1-12build5 [33.3 kB]
Get:221 http://archive.ubuntu.com/ubuntu noble/universe amd64 libobrender32v5 amd64 3.6.1-12build5 [42.5 kB]
Get:222 http://archive.ubuntu.com/ubuntu noble/main amd64 libpaper-utils amd64 1.1.29build1 [8650 B]
Get:223 http://archive.ubuntu.com/ubuntu noble/main amd64 libwebrtc-audio-processing1 amd64 0.3.1-0ubuntu6 [290 kB]
Get:224 http://archive.ubuntu.com/ubuntu noble-updates/main amd64 libspa-0.2-modules amd64 1.0.5-1ubuntu3.3 [628 kB]
Get:225 http://archive.ubuntu.com/ubuntu noble-updates/main amd64 libpipewire-0.3-0t64 amd64 1.0.5-1ubuntu3.3 [252 kB]
Get:226 http://archive.ubuntu.com/ubuntu noble-updates/main amd64 libpipewire-0.3-common all 1.0.5-1ubuntu3.3 [19.5 kB]
Get:227 http://archive.ubuntu.com/ubuntu noble/main amd64 libpsl-dev amd64 0.21.2-1.1build1 [76.4 kB]
Get:228 http://archive.ubuntu.com/ubuntu noble/main amd64 librsvg2-common amd64 2.58.0+dfsg-1build1 [11.8 kB]
   Compiling tracing v0.1.41
Get:229 http://archive.ubuntu.com/ubuntu noble/universe amd64 librsvg2-dev amd64 2.58.0+dfsg-1build1 [38.0 kB]
Get:230 http://archive.ubuntu.com/ubuntu noble/universe amd64 libsysprof-capture-4-dev amd64 46.0-1build1 [51.0 kB]
Get:231 http://archive.ubuntu.com/ubuntu noble-updates/universe amd64 libsoup-3.0-dev amd64 3.4.4-5ubuntu0.8 [105 kB]
   Compiling socket2 v0.6.1
Get:232 http://archive.ubuntu.com/ubuntu noble/main amd64 libxcb-util1 amd64 0.4.0-1build3 [10.7 kB]
Get:233 http://archive.ubuntu.com/ubuntu noble/main amd64 libstartup-notification0 amd64 0.12-6build3 [18.4 kB]
Get:234 http://archive.ubuntu.com/ubuntu noble/main amd64 libtie-ixhash-perl all 1.23-4 [11.3 kB]
Get:235 http://archive.ubuntu.com/ubuntu noble-updates/universe amd64 libwebkit2gtk-4.1-dev amd64 2.52.6-0ubuntu0.24.04.1 [290 kB]
Get:236 http://archive.ubuntu.com/ubuntu noble/main amd64 libx11-protocol-perl all 0.56-9 [122 kB]
Get:237 http://archive.ubuntu.com/ubuntu noble/main amd64 libxml-xpathengine-perl all 0.14-2 [32.6 kB]
   Compiling ryu v1.0.18
Get:238 http://archive.ubuntu.com/ubuntu noble/main amd64 libxxf86dga1 amd64 2:1.1.5-1build1 [11.6 kB]
Get:239 http://archive.ubuntu.com/ubuntu noble/universe amd64 obconf amd64 1:2.0.4+git20150213-3build1 [136 kB]
   Compiling tower-service v0.3.3
Get:240 http://archive.ubuntu.com/ubuntu noble/universe amd64 openbox amd64 3.6.1-12build5 [304 kB]
   Compiling env_home v0.1.0
   Compiling hyper-util v0.1.19
   Compiling which v8.0.0
Get:241 http://archive.ubuntu.com/ubuntu noble-updates/universe amd64 python3-venv amd64 3.12.3-0ubuntu2.1 [1032 B]
Get:242 http://archive.ubuntu.com/ubuntu noble/universe amd64 scrot amd64 1.10-1build2 [71.5 kB]
Get:243 http://archive.ubuntu.com/ubuntu noble-updates/main amd64 sqlite3 amd64 3.45.1-1ubuntu2.8 [144 kB]
Get:244 http://archive.ubuntu.com/ubuntu noble-updates/universe amd64 webkit2gtk-driver amd64 2.52.6-0ubuntu0.24.04.1 [562 kB]
Get:245 http://archive.ubuntu.com/ubuntu noble/main amd64 x11-utils amd64 7.7+6build2 [189 kB]
Get:246 http://archive.ubuntu.com/ubuntu noble/main amd64 x11-xserver-utils amd64 7.7+10build2 [169 kB]
Get:247 http://archive.ubuntu.com/ubuntu noble/universe amd64 xclip amd64 0.13-3 [17.6 kB]
Get:248 http://archive.ubuntu.com/ubuntu noble-updates/main amd64 xdg-desktop-portal amd64 1.18.4-1ubuntu2.24.04.3 [307 kB]
Get:249 http://archive.ubuntu.com/ubuntu noble/main amd64 xdg-desktop-portal-gtk amd64 1.15.1-1build2 [80.3 kB]
Get:250 http://archive.ubuntu.com/ubuntu noble/main amd64 xdg-utils all 1.1.3-4.1ubuntu3 [62.0 kB]
Get:251 http://archive.ubuntu.com/ubuntu noble-updates/main amd64 xserver-common all 2:21.1.12-1ubuntu1.8 [34.8 kB]
Get:252 http://archive.ubuntu.com/ubuntu noble-updates/universe amd64 xvfb amd64 2:21.1.12-1ubuntu1.8 [877 kB]
   Compiling signal-hook-tokio v0.4.0
Get:253 http://archive.ubuntu.com/ubuntu noble/universe amd64 zutty amd64 0.14.8.20231210+dfsg1-1 [185 kB]
Get:254 http://archive.ubuntu.com/ubuntu noble-updates/main amd64 libauthen-sasl-perl all 2.1700-1ubuntu0.1 [40.8 kB]
Get:255 http://archive.ubuntu.com/ubuntu noble/universe amd64 libxdo3 amd64 1:3.20160805.1-5build1 [22.2 kB]
Get:256 http://archive.ubuntu.com/ubuntu noble/universe amd64 xdotool amd64 1:3.20160805.1-5build1 [42.6 kB]
   Compiling futures v0.3.31
   Compiling http-body-util v0.1.2
   Compiling pico-args v0.5.0
debconf: delaying package configuration, since apt-utils is not installed
Fetched 128 MB in 34s (3809 kB/s)
Selecting previously unselected package fonts-droid-fallback.
(Reading database ... (Reading database ... 5%(Reading database ... 10%(Reading database ... 15%(Reading database ... 20%(Reading database ... 25%(Reading database ... 30%(Reading database ... 35%(Reading database ... 40%(Reading database ... 45%(Reading database ... 50%(Reading database ... 55%(Reading database ... 60%(Reading database ... 65%(Reading database ... 70%(Reading database ... 75%(Reading database ... 80%(Reading database ... 85%(Reading database ... 90%(Reading database ... 95%(Reading database ... 100%(Reading database ... 55398 files and directories currently installed.)
Preparing to unpack .../fonts-droid-fallback_1%3a6.0.1r16-1.1build1_all.deb ...
Unpacking fonts-droid-fallback (1:6.0.1r16-1.1build1) ...
Selecting previously unselected package poppler-data.
Preparing to unpack .../poppler-data_0.4.12-1_all.deb ...
Unpacking poppler-data (0.4.12-1) ...
   Compiling tauri-driver v2.1.0
Preparing to unpack .../libssl-dev_3.0.13-0ubuntu3.16_amd64.deb ...
Unpacking libssl-dev:amd64 (3.0.13-0ubuntu3.16) over (3.0.13-0ubuntu3.11) ...
Preparing to unpack .../libssl3t64_3.0.13-0ubuntu3.16_amd64.deb ...
Unpacking libssl3t64:amd64 (3.0.13-0ubuntu3.16) over (3.0.13-0ubuntu3.11) ...
Setting up libssl3t64:amd64 (3.0.13-0ubuntu3.16) ...
(Reading database ... (Reading database ... 5%(Reading database ... 10%(Reading database ... 15%(Reading database ... 20%(Reading database ... 25%(Reading database ... 30%(Reading database ... 35%(Reading database ... 40%(Reading database ... 45%(Reading database ... 50%(Reading database ... 55%(Reading database ... 60%(Reading database ... 65%(Reading database ... 70%(Reading database ... 75%(Reading database ... 80%(Reading database ... 85%(Reading database ... 90%(Reading database ... 95%(Reading database ... 100%(Reading database ... 55943 files and directories currently installed.)
Preparing to unpack .../000-libglib2.0-data_2.80.0-6ubuntu3.9_all.deb ...
Unpacking libglib2.0-data (2.80.0-6ubuntu3.9) over (2.80.0-6ubuntu3.8) ...
Preparing to unpack .../001-libglib2.0-dev_2.80.0-6ubuntu3.9_amd64.deb ...
Unpacking libglib2.0-dev:amd64 (2.80.0-6ubuntu3.9) over (2.80.0-6ubuntu3.8) ...
Preparing to unpack .../002-libglib2.0-bin_2.80.0-6ubuntu3.9_amd64.deb ...
Unpacking libglib2.0-bin (2.80.0-6ubuntu3.9) over (2.80.0-6ubuntu3.8) ...
Preparing to unpack .../003-libgirepository-2.0-0_2.80.0-6ubuntu3.9_amd64.deb ...
Unpacking libgirepository-2.0-0:amd64 (2.80.0-6ubuntu3.9) over (2.80.0-6ubuntu3.8) ...
Preparing to unpack .../004-libglib2.0-dev-bin_2.80.0-6ubuntu3.9_amd64.deb ...
Unpacking libglib2.0-dev-bin (2.80.0-6ubuntu3.9) over (2.80.0-6ubuntu3.8) ...
Preparing to unpack .../005-gir1.2-glib-2.0_2.80.0-6ubuntu3.9_amd64.deb ...
Unpacking gir1.2-glib-2.0:amd64 (2.80.0-6ubuntu3.9) over (2.80.0-6ubuntu3.8) ...
Preparing to unpack .../006-libglib2.0-0t64_2.80.0-6ubuntu3.9_amd64.deb ...
Unpacking libglib2.0-0t64:amd64 (2.80.0-6ubuntu3.9) over (2.80.0-6ubuntu3.8) ...
Preparing to unpack .../007-libsqlite3-dev_3.45.1-1ubuntu2.8_amd64.deb ...
Unpacking libsqlite3-dev:amd64 (3.45.1-1ubuntu2.8) over (3.45.1-1ubuntu2.7) ...
Preparing to unpack .../008-libsqlite3-0_3.45.1-1ubuntu2.8_amd64.deb ...
Unpacking libsqlite3-0:amd64 (3.45.1-1ubuntu2.8) over (3.45.1-1ubuntu2.7) ...
Selecting previously unselected package libtext-iconv-perl:amd64.
Preparing to unpack .../009-libtext-iconv-perl_1.7-8build3_amd64.deb ...
Unpacking libtext-iconv-perl:amd64 (1.7-8build3) ...
Preparing to unpack .../010-openssl_3.0.13-0ubuntu3.16_amd64.deb ...
Unpacking openssl (3.0.13-0ubuntu3.16) over (3.0.13-0ubuntu3.11) ...
Selecting previously unselected package python3-pygments.
Preparing to unpack .../011-python3-pygments_2.17.2+dfsg-1_all.deb ...
Unpacking python3-pygments (2.17.2+dfsg-1) ...
Selecting previously unselected package libfuse3-3:amd64.
Preparing to unpack .../012-libfuse3-3_3.14.0-5build1_amd64.deb ...
Unpacking libfuse3-3:amd64 (3.14.0-5build1) ...
Selecting previously unselected package fuse3.
Preparing to unpack .../013-fuse3_3.14.0-5build1_amd64.deb ...
Unpacking fuse3 (3.14.0-5build1) ...
Selecting previously unselected package libevdev2:amd64.
Preparing to unpack .../014-libevdev2_1.13.1+dfsg-1build1_amd64.deb ...
Unpacking libevdev2:amd64 (1.13.1+dfsg-1build1) ...
Preparing to unpack .../015-wget_1.21.4-1ubuntu4.5_amd64.deb ...
Unpacking wget (1.21.4-1ubuntu4.5) over (1.21.4-1ubuntu4.3) ...
Selecting previously unselected package libaspell15:amd64.
Preparing to unpack .../016-libaspell15_0.60.8.1-1build1_amd64.deb ...
Unpacking libaspell15:amd64 (0.60.8.1-1build1) ...
Selecting previously unselected package emacsen-common.
Preparing to unpack .../017-emacsen-common_3.0.5_all.deb ...
Unpacking emacsen-common (3.0.5) ...
Selecting previously unselected package dictionaries-common.
Preparing to unpack .../018-dictionaries-common_1.29.7_all.deb ...
Adding 'diversion of /usr/share/dict/words to /usr/share/dict/words.pre-dictionaries-common by dictionaries-common'
Unpacking dictionaries-common (1.29.7) ...
Selecting previously unselected package aspell.
Preparing to unpack .../019-aspell_0.60.8.1-1build1_amd64.deb ...
Unpacking aspell (0.60.8.1-1build1) ...
Selecting previously unselected package aspell-en.
Preparing to unpack .../020-aspell-en_2020.12.07-0-1_all.deb ...
Unpacking aspell-en (2020.12.07-0-1) ...
Selecting previously unselected package bubblewrap.
Preparing to unpack .../021-bubblewrap_0.9.0-1ubuntu0.3_amd64.deb ...
Unpacking bubblewrap (0.9.0-1ubuntu0.3) ...
Preparing to unpack .../022-curl_8.5.0-2ubuntu10.15_amd64.deb ...
Unpacking curl (8.5.0-2ubuntu10.15) over (8.5.0-2ubuntu10.11) ...
Preparing to unpack .../023-libcurl4t64_8.5.0-2ubuntu10.15_amd64.deb ...
Unpacking libcurl4t64:amd64 (8.5.0-2ubuntu10.15) over (8.5.0-2ubuntu10.11) ...
Selecting previously unselected package dbus-x11.
Preparing to unpack .../024-dbus-x11_1.14.10-4ubuntu4.1_amd64.deb ...
Unpacking dbus-x11 (1.14.10-4ubuntu4.1) ...
Selecting previously unselected package hunspell-en-us.
Preparing to unpack .../025-hunspell-en-us_1%3a2020.12.07-2_all.deb ...
Unpacking hunspell-en-us (1:2020.12.07-2) ...
Selecting previously unselected package libenchant-2-2:amd64.
Preparing to unpack .../026-libenchant-2-2_2.3.3-2build2_amd64.deb ...
Unpacking libenchant-2-2:amd64 (2.3.3-2build2) ...
Selecting previously unselected package enchant-2.
Preparing to unpack .../027-enchant-2_2.3.3-2build2_amd64.deb ...
Unpacking enchant-2 (2.3.3-2build2) ...
Selecting previously unselected package fonts-noto-mono.
Preparing to unpack .../028-fonts-noto-mono_20201225-2_all.deb ...
Unpacking fonts-noto-mono (20201225-2) ...
Selecting previously unselected package fonts-noto-core.
Preparing to unpack .../029-fonts-noto-core_20201225-2_all.deb ...
Unpacking fonts-noto-core (20201225-2) ...
Selecting previously unselected package fonts-noto-ui-core.
Preparing to unpack .../030-fonts-noto-ui-core_20201225-2_all.deb ...
Unpacking fonts-noto-ui-core (20201225-2) ...
Selecting previously unselected package fonts-urw-base35.
Preparing to unpack .../031-fonts-urw-base35_20200910-8_all.deb ...
Unpacking fonts-urw-base35 (20200910-8) ...
    Finished `release` profile [optimized] target(s) in 18.50s
  Installing /home/user/ExamPanel/.tools/cargo-tools/bin/tauri-driver
   Installed package `tauri-driver v2.1.0` (executable `tauri-driver`)
warning: be sure to add `/home/user/ExamPanel/.tools/cargo-tools/bin` to your PATH to be able to run the installed binaries
Selecting previously unselected package gir1.2-atk-1.0:amd64.
Preparing to unpack .../032-gir1.2-atk-1.0_2.52.0-1build1_amd64.deb ...
Unpacking gir1.2-atk-1.0:amd64 (2.52.0-1build1) ...
Selecting previously unselected package gir1.2-freedesktop:amd64.
Preparing to unpack .../033-gir1.2-freedesktop_1.80.1-1_amd64.deb ...
Unpacking gir1.2-freedesktop:amd64 (1.80.1-1) ...
Selecting previously unselected package gir1.2-atspi-2.0:amd64.
Preparing to unpack .../034-gir1.2-atspi-2.0_2.52.0-1build1_amd64.deb ...
Unpacking gir1.2-atspi-2.0:amd64 (2.52.0-1build1) ...
Selecting previously unselected package gir1.2-gdkpixbuf-2.0:amd64.
Preparing to unpack .../035-gir1.2-gdkpixbuf-2.0_2.42.10+dfsg-3ubuntu3.3_amd64.deb ...
Unpacking gir1.2-gdkpixbuf-2.0:amd64 (2.42.10+dfsg-3ubuntu3.3) ...
Selecting previously unselected package libharfbuzz-gobject0:amd64.
Preparing to unpack .../036-libharfbuzz-gobject0_8.3.0-2build2_amd64.deb ...
Unpacking libharfbuzz-gobject0:amd64 (8.3.0-2build2) ...
Selecting previously unselected package gir1.2-harfbuzz-0.0:amd64.
Preparing to unpack .../037-gir1.2-harfbuzz-0.0_8.3.0-2build2_amd64.deb ...
Unpacking gir1.2-harfbuzz-0.0:amd64 (8.3.0-2build2) ...
Selecting previously unselected package libxft2:amd64.
Preparing to unpack .../038-libxft2_2.3.6-1build1_amd64.deb ...
Unpacking libxft2:amd64 (2.3.6-1build1) ...
Selecting previously unselected package libpangoxft-1.0-0:amd64.
Preparing to unpack .../039-libpangoxft-1.0-0_1.52.1+ds-1build1_amd64.deb ...
Unpacking libpangoxft-1.0-0:amd64 (1.52.1+ds-1build1) ...
Selecting previously unselected package gir1.2-pango-1.0:amd64.
Preparing to unpack .../040-gir1.2-pango-1.0_1.52.1+ds-1build1_amd64.deb ...
Unpacking gir1.2-pango-1.0:amd64 (1.52.1+ds-1build1) ...
Selecting previously unselected package gir1.2-gtk-3.0:amd64.
Preparing to unpack .../041-gir1.2-gtk-3.0_3.24.41-4ubuntu1.3_amd64.deb ...
Unpacking gir1.2-gtk-3.0:amd64 (3.24.41-4ubuntu1.3) ...
Selecting previously unselected package libayatana-ido3-0.4-0:amd64.
Preparing to unpack .../042-libayatana-ido3-0.4-0_0.10.1-1build2_amd64.deb ...
Unpacking libayatana-ido3-0.4-0:amd64 (0.10.1-1build2) ...
Selecting previously unselected package libayatana-indicator3-7:amd64.
Preparing to unpack .../043-libayatana-indicator3-7_0.9.4-1build1_amd64.deb ...
Unpacking libayatana-indicator3-7:amd64 (0.9.4-1build1) ...
Selecting previously unselected package libdbusmenu-glib4:amd64.
Preparing to unpack .../044-libdbusmenu-glib4_18.10.20180917~bzr492+repack1-3.1ubuntu5_amd64.deb ...
Unpacking libdbusmenu-glib4:amd64 (18.10.20180917~bzr492+repack1-3.1ubuntu5) ...
Selecting previously unselected package libdbusmenu-gtk3-4:amd64.
Preparing to unpack .../045-libdbusmenu-gtk3-4_18.10.20180917~bzr492+repack1-3.1ubuntu5_amd64.deb ...
Unpacking libdbusmenu-gtk3-4:amd64 (18.10.20180917~bzr492+repack1-3.1ubuntu5) ...
Selecting previously unselected package libayatana-appindicator3-1.
Preparing to unpack .../046-libayatana-appindicator3-1_0.5.93-1build3_amd64.deb ...
Unpacking libayatana-appindicator3-1 (0.5.93-1build3) ...
Selecting previously unselected package gir1.2-ayatanaappindicator3-0.1.
Preparing to unpack .../047-gir1.2-ayatanaappindicator3-0.1_0.5.93-1build3_amd64.deb ...
Unpacking gir1.2-ayatanaappindicator3-0.1 (0.5.93-1build3) ...
Selecting previously unselected package gir1.2-ayatanaido3-0.4:amd64.
Preparing to unpack .../048-gir1.2-ayatanaido3-0.4_0.10.1-1build2_amd64.deb ...
Unpacking gir1.2-ayatanaido3-0.4:amd64 (0.10.1-1build2) ...
Selecting previously unselected package gir1.2-dbusmenu-glib-0.4:amd64.
Preparing to unpack .../049-gir1.2-dbusmenu-glib-0.4_18.10.20180917~bzr492+repack1-3.1ubuntu5_amd64.deb ...
Unpacking gir1.2-dbusmenu-glib-0.4:amd64 (18.10.20180917~bzr492+repack1-3.1ubuntu5) ...
Selecting previously unselected package gir1.2-glib-2.0-dev:amd64.
Preparing to unpack .../050-gir1.2-glib-2.0-dev_2.80.0-6ubuntu3.9_amd64.deb ...
Unpacking gir1.2-glib-2.0-dev:amd64 (2.80.0-6ubuntu3.9) ...
Selecting previously unselected package gir1.2-freedesktop-dev:amd64.
Preparing to unpack .../051-gir1.2-freedesktop-dev_1.80.1-1_amd64.deb ...
Unpacking gir1.2-freedesktop-dev:amd64 (1.80.1-1) ...
Selecting previously unselected package gir1.2-girepository-2.0-dev:amd64.
Preparing to unpack .../052-gir1.2-girepository-2.0-dev_1.80.1-1_amd64.deb ...
Unpacking gir1.2-girepository-2.0-dev:amd64 (1.80.1-1) ...
Selecting previously unselected package libjavascriptcoregtk-4.1-0:amd64.
Preparing to unpack .../053-libjavascriptcoregtk-4.1-0_2.52.6-0ubuntu0.24.04.1_amd64.deb ...
Unpacking libjavascriptcoregtk-4.1-0:amd64 (2.52.6-0ubuntu0.24.04.1) ...
Selecting previously unselected package gir1.2-javascriptcoregtk-4.1:amd64.
Preparing to unpack .../054-gir1.2-javascriptcoregtk-4.1_2.52.6-0ubuntu0.24.04.1_amd64.deb ...
Unpacking gir1.2-javascriptcoregtk-4.1:amd64 (2.52.6-0ubuntu0.24.04.1) ...
Selecting previously unselected package gir1.2-rsvg-2.0:amd64.
Preparing to unpack .../055-gir1.2-rsvg-2.0_2.58.0+dfsg-1build1_amd64.deb ...
Unpacking gir1.2-rsvg-2.0:amd64 (2.58.0+dfsg-1build1) ...
Preparing to unpack .../056-libcurl3t64-gnutls_8.5.0-2ubuntu10.15_amd64.deb ...
Unpacking libcurl3t64-gnutls:amd64 (8.5.0-2ubuntu10.15) over (8.5.0-2ubuntu10.11) ...
Selecting previously unselected package libproxy1v5:amd64.
Preparing to unpack .../057-libproxy1v5_0.5.4-4build1_amd64.deb ...
Unpacking libproxy1v5:amd64 (0.5.4-4build1) ...
Selecting previously unselected package glib-networking-common.
Preparing to unpack .../058-glib-networking-common_2.80.0-1build1_all.deb ...
Unpacking glib-networking-common (2.80.0-1build1) ...
Selecting previously unselected package glib-networking-services.
Preparing to unpack .../059-glib-networking-services_2.80.0-1build1_amd64.deb ...
Unpacking glib-networking-services (2.80.0-1build1) ...
Selecting previously unselected package session-migration.
Preparing to unpack .../060-session-migration_0.3.9build1_amd64.deb ...
Unpacking session-migration (0.3.9build1) ...
Selecting previously unselected package gsettings-desktop-schemas.
Preparing to unpack .../061-gsettings-desktop-schemas_46.1-0ubuntu1_all.deb ...
Unpacking gsettings-desktop-schemas (46.1-0ubuntu1) ...
Selecting previously unselected package glib-networking:amd64.
Preparing to unpack .../062-glib-networking_2.80.0-1build1_amd64.deb ...
Unpacking glib-networking:amd64 (2.80.0-1build1) ...
Selecting previously unselected package libsoup-3.0-common.
Preparing to unpack .../063-libsoup-3.0-common_3.4.4-5ubuntu0.8_all.deb ...
Unpacking libsoup-3.0-common (3.4.4-5ubuntu0.8) ...
Selecting previously unselected package libsoup-3.0-0:amd64.
Preparing to unpack .../064-libsoup-3.0-0_3.4.4-5ubuntu0.8_amd64.deb ...
Unpacking libsoup-3.0-0:amd64 (3.4.4-5ubuntu0.8) ...
Selecting previously unselected package gir1.2-soup-3.0:amd64.
Preparing to unpack .../065-gir1.2-soup-3.0_3.4.4-5ubuntu0.8_amd64.deb ...
Unpacking gir1.2-soup-3.0:amd64 (3.4.4-5ubuntu0.8) ...
Selecting previously unselected package libcdparanoia0:amd64.
Preparing to unpack .../066-libcdparanoia0_3.10.2+debian-14build3_amd64.deb ...
Unpacking libcdparanoia0:amd64 (3.10.2+debian-14build3) ...
Preparing to unpack .../067-libgstreamer-plugins-base1.0-0_1.24.2-1ubuntu0.5_amd64.deb ...
Unpacking libgstreamer-plugins-base1.0-0:amd64 (1.24.2-1ubuntu0.5) over (1.24.2-1ubuntu0.4) ...
Selecting previously unselected package libvisual-0.4-0:amd64.
Preparing to unpack .../068-libvisual-0.4-0_0.4.2-2build1_amd64.deb ...
Unpacking libvisual-0.4-0:amd64 (0.4.2-2build1) ...
Selecting previously unselected package gstreamer1.0-plugins-base:amd64.
Preparing to unpack .../069-gstreamer1.0-plugins-base_1.24.2-1ubuntu0.5_amd64.deb ...
Unpacking gstreamer1.0-plugins-base:amd64 (1.24.2-1ubuntu0.5) ...
Selecting previously unselected package libaa1:amd64.
Preparing to unpack .../070-libaa1_1.4p5-51.1_amd64.deb ...
Unpacking libaa1:amd64 (1.4p5-51.1) ...
Selecting previously unselected package libdv4t64:amd64.
Preparing to unpack .../071-libdv4t64_1.0.0-17.1build1_amd64.deb ...
Unpacking libdv4t64:amd64 (1.0.0-17.1build1) ...
Selecting previously unselected package libgstreamer-plugins-good1.0-0:amd64.
Preparing to unpack .../072-libgstreamer-plugins-good1.0-0_1.24.2-1ubuntu1.8_amd64.deb ...
Unpacking libgstreamer-plugins-good1.0-0:amd64 (1.24.2-1ubuntu1.8) ...
Selecting previously unselected package libgudev-1.0-0:amd64.
Preparing to unpack .../073-libgudev-1.0-0_1%3a238-5ubuntu1_amd64.deb ...
Unpacking libgudev-1.0-0:amd64 (1:238-5ubuntu1) ...
Selecting previously unselected package libshout3:amd64.
Preparing to unpack .../074-libshout3_2.4.6-1build2_amd64.deb ...
Unpacking libshout3:amd64 (2.4.6-1build2) ...
Selecting previously unselected package libtag1v5-vanilla:amd64.
Preparing to unpack .../075-libtag1v5-vanilla_1.13.1-1build1_amd64.deb ...
Unpacking libtag1v5-vanilla:amd64 (1.13.1-1build1) ...
Selecting previously unselected package libtag1v5:amd64.
Preparing to unpack .../076-libtag1v5_1.13.1-1build1_amd64.deb ...
Unpacking libtag1v5:amd64 (1.13.1-1build1) ...
Selecting previously unselected package libv4lconvert0t64:amd64.
Preparing to unpack .../077-libv4lconvert0t64_1.26.1-4build3_amd64.deb ...
Unpacking libv4lconvert0t64:amd64 (1.26.1-4build3) ...
Selecting previously unselected package libv4l-0t64:amd64.
Preparing to unpack .../078-libv4l-0t64_1.26.1-4build3_amd64.deb ...
Unpacking libv4l-0t64:amd64 (1.26.1-4build3) ...
Selecting previously unselected package libwavpack1:amd64.
Preparing to unpack .../079-libwavpack1_5.6.0-1build1_amd64.deb ...
Unpacking libwavpack1:amd64 (5.6.0-1build1) ...
Selecting previously unselected package gstreamer1.0-plugins-good:amd64.
Preparing to unpack .../080-gstreamer1.0-plugins-good_1.24.2-1ubuntu1.8_amd64.deb ...
Unpacking gstreamer1.0-plugins-good:amd64 (1.24.2-1ubuntu1.8) ...
Selecting previously unselected package libgles2:amd64.
Preparing to unpack .../081-libgles2_1.7.0-1build1_amd64.deb ...
Unpacking libgles2:amd64 (1.7.0-1build1) ...
Selecting previously unselected package xdg-dbus-proxy.
Preparing to unpack .../082-xdg-dbus-proxy_0.1.5-1ubuntu0.2_amd64.deb ...
Unpacking xdg-dbus-proxy (0.1.5-1ubuntu0.2) ...
Preparing to unpack .../083-libgl1-mesa-dri_25.2.8-0ubuntu0.24.04.4_amd64.deb ...
Unpacking libgl1-mesa-dri:amd64 (25.2.8-0ubuntu0.24.04.4) over (25.2.8-0ubuntu0.24.04.2) ...
Preparing to unpack .../084-libglx-mesa0_25.2.8-0ubuntu0.24.04.4_amd64.deb ...
Unpacking libglx-mesa0:amd64 (25.2.8-0ubuntu0.24.04.4) over (25.2.8-0ubuntu0.24.04.2) ...
Preparing to unpack .../085-libgbm1_25.2.8-0ubuntu0.24.04.4_amd64.deb ...
Unpacking libgbm1:amd64 (25.2.8-0ubuntu0.24.04.4) over (25.2.8-0ubuntu0.24.04.2) ...
Preparing to unpack .../086-mesa-libgallium_25.2.8-0ubuntu0.24.04.4_amd64.deb ...
Unpacking mesa-libgallium:amd64 (25.2.8-0ubuntu0.24.04.4) over (25.2.8-0ubuntu0.24.04.2) ...
Selecting previously unselected package libegl-mesa0:amd64.
Preparing to unpack .../087-libegl-mesa0_25.2.8-0ubuntu0.24.04.4_amd64.deb ...
Unpacking libegl-mesa0:amd64 (25.2.8-0ubuntu0.24.04.4) ...
Selecting previously unselected package libegl1:amd64.
Preparing to unpack .../088-libegl1_1.7.0-1build1_amd64.deb ...
Unpacking libegl1:amd64 (1.7.0-1build1) ...
Selecting previously unselected package libgstreamer-gl1.0-0:amd64.
Preparing to unpack .../089-libgstreamer-gl1.0-0_1.24.2-1ubuntu0.5_amd64.deb ...
Unpacking libgstreamer-gl1.0-0:amd64 (1.24.2-1ubuntu0.5) ...
Selecting previously unselected package libmanette-0.2-0:amd64.
Preparing to unpack .../090-libmanette-0.2-0_0.2.7-1build2_amd64.deb ...
Unpacking libmanette-0.2-0:amd64 (0.2.7-1build2) ...
Selecting previously unselected package libsecret-common.
Preparing to unpack .../091-libsecret-common_0.21.4-1build3_all.deb ...
Unpacking libsecret-common (0.21.4-1build3) ...
Selecting previously unselected package libsecret-1-0:amd64.
Preparing to unpack .../092-libsecret-1-0_0.21.4-1build3_amd64.deb ...
Unpacking libsecret-1-0:amd64 (0.21.4-1build3) ...
Selecting previously unselected package libwayland-server0:amd64.
Preparing to unpack .../093-libwayland-server0_1.22.0-2.1build1_amd64.deb ...
Unpacking libwayland-server0:amd64 (1.22.0-2.1build1) ...
Selecting previously unselected package libwebkit2gtk-4.1-0:amd64.
Preparing to unpack .../094-libwebkit2gtk-4.1-0_2.52.6-0ubuntu0.24.04.1_amd64.deb ...
Unpacking libwebkit2gtk-4.1-0:amd64 (2.52.6-0ubuntu0.24.04.1) ...
Selecting previously unselected package gir1.2-webkit2-4.1:amd64.
Preparing to unpack .../095-gir1.2-webkit2-4.1_2.52.6-0ubuntu0.24.04.1_amd64.deb ...
Unpacking gir1.2-webkit2-4.1:amd64 (2.52.6-0ubuntu0.24.04.1) ...
Selecting previously unselected package python3-markupsafe.
Preparing to unpack .../096-python3-markupsafe_2.1.5-1build2_amd64.deb ...
Unpacking python3-markupsafe (2.1.5-1build2) ...
Selecting previously unselected package python3-mako.
Preparing to unpack .../097-python3-mako_1.3.2-1ubuntu0.1_all.deb ...
Unpacking python3-mako (1.3.2-1ubuntu0.1) ...
Selecting previously unselected package python3-markdown.
Preparing to unpack .../098-python3-markdown_3.5.2-1_all.deb ...
Unpacking python3-markdown (3.5.2-1) ...
Selecting previously unselected package gobject-introspection-bin.
Preparing to unpack .../099-gobject-introspection-bin_1.80.1-1_amd64.deb ...
Unpacking gobject-introspection-bin (1.80.1-1) ...
Selecting previously unselected package gobject-introspection:amd64.
Preparing to unpack .../100-gobject-introspection_1.80.1-1_amd64.deb ...
Unpacking gobject-introspection:amd64 (1.80.1-1) ...
Selecting previously unselected package libgraphene-1.0-0:amd64.
Preparing to unpack .../101-libgraphene-1.0-0_1.10.8-3build2_amd64.deb ...
Unpacking libgraphene-1.0-0:amd64 (1.10.8-3build2) ...
Selecting previously unselected package gstreamer1.0-gl:amd64.
Preparing to unpack .../102-gstreamer1.0-gl_1.24.2-1ubuntu0.5_amd64.deb ...
Unpacking gstreamer1.0-gl:amd64 (1.24.2-1ubuntu0.5) ...
Selecting previously unselected package gstreamer1.0-x:amd64.
Preparing to unpack .../103-gstreamer1.0-x_1.24.2-1ubuntu0.5_amd64.deb ...
Unpacking gstreamer1.0-x:amd64 (1.24.2-1ubuntu0.5) ...
Selecting previously unselected package icu-devtools.
Preparing to unpack .../104-icu-devtools_74.2-1ubuntu3.1_amd64.deb ...
Unpacking icu-devtools (74.2-1ubuntu3.1) ...
Selecting previously unselected package libatk1.0-dev:amd64.
Preparing to unpack .../105-libatk1.0-dev_2.52.0-1build1_amd64.deb ...
Unpacking libatk1.0-dev:amd64 (2.52.0-1build1) ...
Selecting previously unselected package libdbus-1-dev:amd64.
Preparing to unpack .../106-libdbus-1-dev_1.14.10-4ubuntu4.1_amd64.deb ...
Unpacking libdbus-1-dev:amd64 (1.14.10-4ubuntu4.1) ...
Selecting previously unselected package libxfixes-dev:amd64.
Preparing to unpack .../107-libxfixes-dev_1%3a6.0.0-2build1_amd64.deb ...
Unpacking libxfixes-dev:amd64 (1:6.0.0-2build1) ...
Selecting previously unselected package libxi-dev:amd64.
Preparing to unpack .../108-libxi-dev_2%3a1.8.1-1build1_amd64.deb ...
Unpacking libxi-dev:amd64 (2:1.8.1-1build1) ...
Selecting previously unselected package libxtst-dev:amd64.
Preparing to unpack .../109-libxtst-dev_2%3a1.2.3-1.1build1_amd64.deb ...
Unpacking libxtst-dev:amd64 (2:1.2.3-1.1build1) ...
Selecting previously unselected package libatspi2.0-dev:amd64.
Preparing to unpack .../110-libatspi2.0-dev_2.52.0-1build1_amd64.deb ...
Unpacking libatspi2.0-dev:amd64 (2.52.0-1build1) ...
Selecting previously unselected package libatk-bridge2.0-dev:amd64.
Preparing to unpack .../111-libatk-bridge2.0-dev_2.52.0-1build1_amd64.deb ...
Unpacking libatk-bridge2.0-dev:amd64 (2.52.0-1build1) ...
Selecting previously unselected package libglx-dev:amd64.
Preparing to unpack .../112-libglx-dev_1.7.0-1build1_amd64.deb ...
Unpacking libglx-dev:amd64 (1.7.0-1build1) ...
Selecting previously unselected package libgl-dev:amd64.
Preparing to unpack .../113-libgl-dev_1.7.0-1build1_amd64.deb ...
Unpacking libgl-dev:amd64 (1.7.0-1build1) ...
Selecting previously unselected package libegl-dev:amd64.
Preparing to unpack .../114-libegl-dev_1.7.0-1build1_amd64.deb ...
Unpacking libegl-dev:amd64 (1.7.0-1build1) ...
Selecting previously unselected package libglvnd-core-dev:amd64.
Preparing to unpack .../115-libglvnd-core-dev_1.7.0-1build1_amd64.deb ...
Unpacking libglvnd-core-dev:amd64 (1.7.0-1build1) ...
Selecting previously unselected package libgles1:amd64.
Preparing to unpack .../116-libgles1_1.7.0-1build1_amd64.deb ...
Unpacking libgles1:amd64 (1.7.0-1build1) ...
Selecting previously unselected package libgles-dev:amd64.
Preparing to unpack .../117-libgles-dev_1.7.0-1build1_amd64.deb ...
Unpacking libgles-dev:amd64 (1.7.0-1build1) ...
Selecting previously unselected package libopengl0:amd64.
Preparing to unpack .../118-libopengl0_1.7.0-1build1_amd64.deb ...
Unpacking libopengl0:amd64 (1.7.0-1build1) ...
Selecting previously unselected package libopengl-dev:amd64.
Preparing to unpack .../119-libopengl-dev_1.7.0-1build1_amd64.deb ...
Unpacking libopengl-dev:amd64 (1.7.0-1build1) ...
Selecting previously unselected package libglvnd-dev:amd64.
Preparing to unpack .../120-libglvnd-dev_1.7.0-1build1_amd64.deb ...
Unpacking libglvnd-dev:amd64 (1.7.0-1build1) ...
Selecting previously unselected package libegl1-mesa-dev:amd64.
Preparing to unpack .../121-libegl1-mesa-dev_25.2.8-0ubuntu0.24.04.4_amd64.deb ...
Unpacking libegl1-mesa-dev:amd64 (25.2.8-0ubuntu0.24.04.4) ...
Selecting previously unselected package libepoxy-dev:amd64.
Preparing to unpack .../122-libepoxy-dev_1.5.10-1build1_amd64.deb ...
Unpacking libepoxy-dev:amd64 (1.5.10-1build1) ...
Selecting previously unselected package libfribidi-dev:amd64.
Preparing to unpack .../123-libfribidi-dev_1.0.13-3build1_amd64.deb ...
Unpacking libfribidi-dev:amd64 (1.0.13-3build1) ...
Selecting previously unselected package libgdk-pixbuf2.0-bin.
Preparing to unpack .../124-libgdk-pixbuf2.0-bin_2.42.10+dfsg-3ubuntu3.3_amd64.deb ...
Unpacking libgdk-pixbuf2.0-bin (2.42.10+dfsg-3ubuntu3.3) ...
Selecting previously unselected package libjpeg-turbo8-dev:amd64.
Preparing to unpack .../125-libjpeg-turbo8-dev_2.1.5-2ubuntu2_amd64.deb ...
Unpacking libjpeg-turbo8-dev:amd64 (2.1.5-2ubuntu2) ...
Selecting previously unselected package libjpeg8-dev:amd64.
Preparing to unpack .../126-libjpeg8-dev_8c-2ubuntu11_amd64.deb ...
Unpacking libjpeg8-dev:amd64 (8c-2ubuntu11) ...
Selecting previously unselected package libjpeg-dev:amd64.
Preparing to unpack .../127-libjpeg-dev_8c-2ubuntu11_amd64.deb ...
Unpacking libjpeg-dev:amd64 (8c-2ubuntu11) ...
Selecting previously unselected package libjbig-dev:amd64.
Preparing to unpack .../128-libjbig-dev_2.1-6.1ubuntu2_amd64.deb ...
Unpacking libjbig-dev:amd64 (2.1-6.1ubuntu2) ...
Selecting previously unselected package libzstd-dev:amd64.
Preparing to unpack .../129-libzstd-dev_1.5.5+dfsg2-2build1.1_amd64.deb ...
Unpacking libzstd-dev:amd64 (1.5.5+dfsg2-2build1.1) ...
Selecting previously unselected package libwebpdecoder3:amd64.
Preparing to unpack .../130-libwebpdecoder3_1.3.2-0.4build3_amd64.deb ...
Unpacking libwebpdecoder3:amd64 (1.3.2-0.4build3) ...
Selecting previously unselected package libsharpyuv-dev:amd64.
Preparing to unpack .../131-libsharpyuv-dev_1.3.2-0.4build3_amd64.deb ...
Unpacking libsharpyuv-dev:amd64 (1.3.2-0.4build3) ...
Selecting previously unselected package libwebp-dev:amd64.
Preparing to unpack .../132-libwebp-dev_1.3.2-0.4build3_amd64.deb ...
Unpacking libwebp-dev:amd64 (1.3.2-0.4build3) ...
Selecting previously unselected package libtiffxx6:amd64.
Preparing to unpack .../133-libtiffxx6_4.5.1+git230720-4ubuntu2.5_amd64.deb ...
Unpacking libtiffxx6:amd64 (4.5.1+git230720-4ubuntu2.5) ...
Selecting previously unselected package libdeflate-dev:amd64.
Preparing to unpack .../134-libdeflate-dev_1.19-1build1.1_amd64.deb ...
Unpacking libdeflate-dev:amd64 (1.19-1build1.1) ...
Selecting previously unselected package liblerc-dev:amd64.
Preparing to unpack .../135-liblerc-dev_4.0.0+ds-4ubuntu2_amd64.deb ...
Unpacking liblerc-dev:amd64 (4.0.0+ds-4ubuntu2) ...
Selecting previously unselected package libtiff-dev:amd64.
Preparing to unpack .../136-libtiff-dev_4.5.1+git230720-4ubuntu2.5_amd64.deb ...
Unpacking libtiff-dev:amd64 (4.5.1+git230720-4ubuntu2.5) ...
Selecting previously unselected package libgdk-pixbuf-2.0-dev:amd64.
Preparing to unpack .../137-libgdk-pixbuf-2.0-dev_2.42.10+dfsg-3ubuntu3.3_amd64.deb ...
Unpacking libgdk-pixbuf-2.0-dev:amd64 (2.42.10+dfsg-3ubuntu3.3) ...
Selecting previously unselected package libharfbuzz-subset0:amd64.
Preparing to unpack .../138-libharfbuzz-subset0_8.3.0-2build2_amd64.deb ...
Unpacking libharfbuzz-subset0:amd64 (8.3.0-2build2) ...
Selecting previously unselected package libharfbuzz-cairo0:amd64.
Preparing to unpack .../139-libharfbuzz-cairo0_8.3.0-2build2_amd64.deb ...
Unpacking libharfbuzz-cairo0:amd64 (8.3.0-2build2) ...
Selecting previously unselected package libgraphite2-dev:amd64.
Preparing to unpack .../140-libgraphite2-dev_1.3.14-2ubuntu0.24.04.1_amd64.deb ...
Unpacking libgraphite2-dev:amd64 (1.3.14-2ubuntu0.24.04.1) ...
Selecting previously unselected package libicu-dev:amd64.
Preparing to unpack .../141-libicu-dev_74.2-1ubuntu3.1_amd64.deb ...
Unpacking libicu-dev:amd64 (74.2-1ubuntu3.1) ...
Selecting previously unselected package libharfbuzz-dev:amd64.
Preparing to unpack .../142-libharfbuzz-dev_8.3.0-2build2_amd64.deb ...
Unpacking libharfbuzz-dev:amd64 (8.3.0-2build2) ...
Selecting previously unselected package libdatrie-dev:amd64.
Preparing to unpack .../143-libdatrie-dev_0.2.13-3build1_amd64.deb ...
Unpacking libdatrie-dev:amd64 (0.2.13-3build1) ...
Selecting previously unselected package libthai-dev:amd64.
Preparing to unpack .../144-libthai-dev_0.1.29-2build1_amd64.deb ...
Unpacking libthai-dev:amd64 (0.1.29-2build1) ...
Selecting previously unselected package libxft-dev:amd64.
Preparing to unpack .../145-libxft-dev_2.3.6-1build1_amd64.deb ...
Unpacking libxft-dev:amd64 (2.3.6-1build1) ...
Selecting previously unselected package pango1.0-tools.
Preparing to unpack .../146-pango1.0-tools_1.52.1+ds-1build1_amd64.deb ...
Unpacking pango1.0-tools (1.52.1+ds-1build1) ...
Selecting previously unselected package libpango1.0-dev:amd64.
Preparing to unpack .../147-libpango1.0-dev_1.52.1+ds-1build1_amd64.deb ...
Unpacking libpango1.0-dev:amd64 (1.52.1+ds-1build1) ...
Selecting previously unselected package libwayland-bin.
Preparing to unpack .../148-libwayland-bin_1.22.0-2.1build1_amd64.deb ...
Unpacking libwayland-bin (1.22.0-2.1build1) ...
Selecting previously unselected package libwayland-dev:amd64.
Preparing to unpack .../149-libwayland-dev_1.22.0-2.1build1_amd64.deb ...
Unpacking libwayland-dev:amd64 (1.22.0-2.1build1) ...
Selecting previously unselected package libxcomposite-dev:amd64.
Preparing to unpack .../150-libxcomposite-dev_1%3a0.4.5-1build3_amd64.deb ...
Unpacking libxcomposite-dev:amd64 (1:0.4.5-1build3) ...
Selecting previously unselected package libxcursor-dev:amd64.
Preparing to unpack .../151-libxcursor-dev_1%3a1.2.1-1build1_amd64.deb ...
Unpacking libxcursor-dev:amd64 (1:1.2.1-1build1) ...
Selecting previously unselected package libxdamage-dev:amd64.
Preparing to unpack .../152-libxdamage-dev_1%3a1.1.6-1build1_amd64.deb ...
Unpacking libxdamage-dev:amd64 (1:1.1.6-1build1) ...
Selecting previously unselected package libxinerama-dev:amd64.
Preparing to unpack .../153-libxinerama-dev_2%3a1.1.4-3build1_amd64.deb ...
Unpacking libxinerama-dev:amd64 (2:1.1.4-3build1) ...
Selecting previously unselected package libxkbcommon-dev:amd64.
Preparing to unpack .../154-libxkbcommon-dev_1.6.0-1build1_amd64.deb ...
Unpacking libxkbcommon-dev:amd64 (1.6.0-1build1) ...
Selecting previously unselected package libxrandr-dev:amd64.
Preparing to unpack .../155-libxrandr-dev_2%3a1.5.2-2build1_amd64.deb ...
Unpacking libxrandr-dev:amd64 (2:1.5.2-2build1) ...
Selecting previously unselected package wayland-protocols.
Preparing to unpack .../156-wayland-protocols_1.45-1~ubuntu0.24.04.2_all.deb ...
Unpacking wayland-protocols (1.45-1~ubuntu0.24.04.2) ...
Selecting previously unselected package libgtk-3-dev:amd64.
Preparing to unpack .../157-libgtk-3-dev_3.24.41-4ubuntu1.3_amd64.deb ...
Unpacking libgtk-3-dev:amd64 (3.24.41-4ubuntu1.3) ...
Selecting previously unselected package libayatana-ido3-dev.
Preparing to unpack .../158-libayatana-ido3-dev_0.10.1-1build2_amd64.deb ...
Unpacking libayatana-ido3-dev (0.10.1-1build2) ...
Selecting previously unselected package libayatana-indicator3-dev.
Preparing to unpack .../159-libayatana-indicator3-dev_0.9.4-1build1_amd64.deb ...
Unpacking libayatana-indicator3-dev (0.9.4-1build1) ...
Selecting previously unselected package libdbusmenu-glib-dev:amd64.
Preparing to unpack .../160-libdbusmenu-glib-dev_18.10.20180917~bzr492+repack1-3.1ubuntu5_amd64.deb ...
Unpacking libdbusmenu-glib-dev:amd64 (18.10.20180917~bzr492+repack1-3.1ubuntu5) ...
Selecting previously unselected package libayatana-appindicator3-dev.
Preparing to unpack .../161-libayatana-appindicator3-dev_0.5.93-1build3_amd64.deb ...
Unpacking libayatana-appindicator3-dev (0.5.93-1build3) ...
Selecting previously unselected package libclone-perl:amd64.
Preparing to unpack .../162-libclone-perl_0.46-1build3_amd64.deb ...
Unpacking libclone-perl:amd64 (0.46-1build3) ...
Selecting previously unselected package libdata-dump-perl.
Preparing to unpack .../163-libdata-dump-perl_1.25-1_all.deb ...
Unpacking libdata-dump-perl (1.25-1) ...
Selecting previously unselected package libencode-locale-perl.
Preparing to unpack .../164-libencode-locale-perl_1.05-3_all.deb ...
Unpacking libencode-locale-perl (1.05-3) ...
Selecting previously unselected package libipc-system-simple-perl.
Preparing to unpack .../165-libipc-system-simple-perl_1.30-2_all.deb ...
Unpacking libipc-system-simple-perl (1.30-2) ...
Selecting previously unselected package libfile-basedir-perl.
Preparing to unpack .../166-libfile-basedir-perl_0.09-2_all.deb ...
Unpacking libfile-basedir-perl (0.09-2) ...
Selecting previously unselected package liburi-perl.
Preparing to unpack .../167-liburi-perl_5.27-1_all.deb ...
Unpacking liburi-perl (5.27-1) ...
Selecting previously unselected package libfile-desktopentry-perl.
Preparing to unpack .../168-libfile-desktopentry-perl_0.22-3_all.deb ...
Unpacking libfile-desktopentry-perl (0.22-3) ...
Selecting previously unselected package libtimedate-perl.
Preparing to unpack .../169-libtimedate-perl_2.3300-2_all.deb ...
Unpacking libtimedate-perl (2.3300-2) ...
Selecting previously unselected package libhttp-date-perl.
Preparing to unpack .../170-libhttp-date-perl_6.06-1ubuntu0.24.04.1_all.deb ...
Unpacking libhttp-date-perl (6.06-1ubuntu0.24.04.1) ...
Selecting previously unselected package libfile-listing-perl.
Preparing to unpack .../171-libfile-listing-perl_6.16-1_all.deb ...
Unpacking libfile-listing-perl (6.16-1) ...
Selecting previously unselected package libfile-mimeinfo-perl.
Preparing to unpack .../172-libfile-mimeinfo-perl_0.34-1_all.deb ...
Unpacking libfile-mimeinfo-perl (0.34-1) ...
Selecting previously unselected package libfont-afm-perl.
Preparing to unpack .../173-libfont-afm-perl_1.20-4_all.deb ...
Unpacking libfont-afm-perl (1.20-4) ...
Selecting previously unselected package libgirepository-1.0-dev:amd64.
Preparing to unpack .../174-libgirepository-1.0-dev_1.80.1-1_amd64.deb ...
Unpacking libgirepository-1.0-dev:amd64 (1.80.1-1) ...
Selecting previously unselected package libgirepository1.0-dev.
Preparing to unpack .../175-libgirepository1.0-dev_1.80.1-1_amd64.deb ...
Unpacking libgirepository1.0-dev (1.80.1-1) ...
Selecting previously unselected package libgs-common.
Preparing to unpack .../176-libgs-common_10.02.1~dfsg1-0ubuntu7.9_all.deb ...
Unpacking libgs-common (10.02.1~dfsg1-0ubuntu7.9) ...
Selecting previously unselected package libgs10-common.
Preparing to unpack .../177-libgs10-common_10.02.1~dfsg1-0ubuntu7.9_all.deb ...
Unpacking libgs10-common (10.02.1~dfsg1-0ubuntu7.9) ...
Selecting previously unselected package libidn12:amd64.
Preparing to unpack .../178-libidn12_1.42-1ubuntu0.1_amd64.deb ...
Unpacking libidn12:amd64 (1.42-1ubuntu0.1) ...
Selecting previously unselected package libijs-0.35:amd64.
Preparing to unpack .../179-libijs-0.35_0.35-15.1build1_amd64.deb ...
Unpacking libijs-0.35:amd64 (0.35-15.1build1) ...
Selecting previously unselected package libjbig2dec0:amd64.
Preparing to unpack .../180-libjbig2dec0_0.20-1ubuntu0.24.04.1_amd64.deb ...
Unpacking libjbig2dec0:amd64 (0.20-1ubuntu0.24.04.1) ...
Selecting previously unselected package libpaper1:amd64.
Preparing to unpack .../181-libpaper1_1.1.29build1_amd64.deb ...
Unpacking libpaper1:amd64 (1.1.29build1) ...
Selecting previously unselected package libgs10:amd64.
Preparing to unpack .../182-libgs10_10.02.1~dfsg1-0ubuntu7.9_amd64.deb ...
Unpacking libgs10:amd64 (10.02.1~dfsg1-0ubuntu7.9) ...
Selecting previously unselected package libhtml-tagset-perl.
Preparing to unpack .../183-libhtml-tagset-perl_3.20-6_all.deb ...
Unpacking libhtml-tagset-perl (3.20-6) ...
Selecting previously unselected package libhtml-parser-perl:amd64.
Preparing to unpack .../184-libhtml-parser-perl_3.81-1ubuntu0.1_amd64.deb ...
Unpacking libhtml-parser-perl:amd64 (3.81-1ubuntu0.1) ...
Selecting previously unselected package libio-html-perl.
Preparing to unpack .../185-libio-html-perl_1.004-3_all.deb ...
Unpacking libio-html-perl (1.004-3) ...
Selecting previously unselected package liblwp-mediatypes-perl.
Preparing to unpack .../186-liblwp-mediatypes-perl_6.04-2_all.deb ...
Unpacking liblwp-mediatypes-perl (6.04-2) ...
Selecting previously unselected package libhttp-message-perl.
Preparing to unpack .../187-libhttp-message-perl_6.45-1ubuntu1_all.deb ...
Unpacking libhttp-message-perl (6.45-1ubuntu1) ...
Selecting previously unselected package libhtml-form-perl.
Preparing to unpack .../188-libhtml-form-perl_6.11-1_all.deb ...
Unpacking libhtml-form-perl (6.11-1) ...
Selecting previously unselected package libhtml-tree-perl.
Preparing to unpack .../189-libhtml-tree-perl_5.07-3_all.deb ...
Unpacking libhtml-tree-perl (5.07-3) ...
Selecting previously unselected package libhtml-format-perl.
Preparing to unpack .../190-libhtml-format-perl_2.16-2_all.deb ...
Unpacking libhtml-format-perl (2.16-2) ...
Selecting previously unselected package libhttp-cookies-perl.
Preparing to unpack .../191-libhttp-cookies-perl_6.11-1_all.deb ...
Unpacking libhttp-cookies-perl (6.11-1) ...
Selecting previously unselected package libhttp-daemon-perl.
Preparing to unpack .../192-libhttp-daemon-perl_6.16-1ubuntu0.24.04.1_all.deb ...
Unpacking libhttp-daemon-perl (6.16-1ubuntu0.24.04.1) ...
Selecting previously unselected package libhttp-negotiate-perl.
Preparing to unpack .../193-libhttp-negotiate-perl_6.01-2_all.deb ...
Unpacking libhttp-negotiate-perl (6.01-2) ...
Selecting previously unselected package libid3tag0:amd64.
Preparing to unpack .../194-libid3tag0_0.15.1b-14build1_amd64.deb ...
Unpacking libid3tag0:amd64 (0.15.1b-14build1) ...
Selecting previously unselected package libspectre1:amd64.
Preparing to unpack .../195-libspectre1_0.2.12-1build2_amd64.deb ...
Unpacking libspectre1:amd64 (0.2.12-1build2) ...
Selecting previously unselected package libimlib2t64:amd64.
Preparing to unpack .../196-libimlib2t64_1.12.1-1.1build2_amd64.deb ...
Unpacking libimlib2t64:amd64 (1.12.1-1.1build2) ...
Selecting previously unselected package perl-openssl-defaults:amd64.
Preparing to unpack .../197-perl-openssl-defaults_7build3_amd64.deb ...
Unpacking perl-openssl-defaults:amd64 (7build3) ...
Selecting previously unselected package libnet-ssleay-perl:amd64.
Preparing to unpack .../198-libnet-ssleay-perl_1.94-1build4_amd64.deb ...
Unpacking libnet-ssleay-perl:amd64 (1.94-1build4) ...
Selecting previously unselected package libio-socket-ssl-perl.
Preparing to unpack .../199-libio-socket-ssl-perl_2.085-1_all.deb ...
Unpacking libio-socket-ssl-perl (2.085-1) ...
Selecting previously unselected package libio-stringy-perl.
Preparing to unpack .../200-libio-stringy-perl_2.111-3_all.deb ...
Unpacking libio-stringy-perl (2.111-3) ...
Selecting previously unselected package libjavascriptcoregtk-4.1-dev:amd64.
Preparing to unpack .../201-libjavascriptcoregtk-4.1-dev_2.52.6-0ubuntu0.24.04.1_amd64.deb ...
Unpacking libjavascriptcoregtk-4.1-dev:amd64 (2.52.6-0ubuntu0.24.04.1) ...
Selecting previously unselected package libjson-glib-1.0-common.
Preparing to unpack .../202-libjson-glib-1.0-common_1.8.0-2build2_all.deb ...
Unpacking libjson-glib-1.0-common (1.8.0-2build2) ...
Selecting previously unselected package libjson-glib-1.0-0:amd64.
Preparing to unpack .../203-libjson-glib-1.0-0_1.8.0-2build2_amd64.deb ...
Unpacking libjson-glib-1.0-0:amd64 (1.8.0-2build2) ...
Selecting previously unselected package libnet-http-perl.
Preparing to unpack .../204-libnet-http-perl_6.23-1_all.deb ...
Unpacking libnet-http-perl (6.23-1) ...
Selecting previously unselected package libtry-tiny-perl.
Preparing to unpack .../205-libtry-tiny-perl_0.31-2_all.deb ...
Unpacking libtry-tiny-perl (0.31-2) ...
Selecting previously unselected package libwww-robotrules-perl.
Preparing to unpack .../206-libwww-robotrules-perl_6.02-1_all.deb ...
Unpacking libwww-robotrules-perl (6.02-1) ...
Selecting previously unselected package libwww-perl.
Preparing to unpack .../207-libwww-perl_6.76-1ubuntu0.1_all.deb ...
Unpacking libwww-perl (6.76-1ubuntu0.1) ...
Selecting previously unselected package liblwp-protocol-https-perl.
Preparing to unpack .../208-liblwp-protocol-https-perl_6.13-1_all.deb ...
Unpacking liblwp-protocol-https-perl (6.13-1) ...
Selecting previously unselected package libnet-smtp-ssl-perl.
Preparing to unpack .../209-libnet-smtp-ssl-perl_1.04-2_all.deb ...
Unpacking libnet-smtp-ssl-perl (1.04-2) ...
Selecting previously unselected package libmailtools-perl.
Preparing to unpack .../210-libmailtools-perl_2.21-2_all.deb ...
Unpacking libmailtools-perl (2.21-2) ...
Selecting previously unselected package libxml-parser-perl.
Preparing to unpack .../211-libxml-parser-perl_2.47-1ubuntu0.24.04.1_amd64.deb ...
Unpacking libxml-parser-perl (2.47-1ubuntu0.24.04.1) ...
Selecting previously unselected package libxml-twig-perl.
Preparing to unpack .../212-libxml-twig-perl_1%3a3.52-2_all.deb ...
Unpacking libxml-twig-perl (1:3.52-2) ...
Selecting previously unselected package libnet-dbus-perl.
Preparing to unpack .../213-libnet-dbus-perl_1.2.0-2build3_amd64.deb ...
Unpacking libnet-dbus-perl (1.2.0-2build3) ...
Selecting previously unselected package libnghttp2-dev:amd64.
Preparing to unpack .../214-libnghttp2-dev_1.59.0-1ubuntu0.4_amd64.deb ...
Unpacking libnghttp2-dev:amd64 (1.59.0-1ubuntu0.4) ...
Selecting previously unselected package libobt2v5:amd64.
Preparing to unpack .../215-libobt2v5_3.6.1-12build5_amd64.deb ...
Unpacking libobt2v5:amd64 (3.6.1-12build5) ...
Selecting previously unselected package libobrender32v5.
Preparing to unpack .../216-libobrender32v5_3.6.1-12build5_amd64.deb ...
Unpacking libobrender32v5 (3.6.1-12build5) ...
Selecting previously unselected package libpaper-utils.
Preparing to unpack .../217-libpaper-utils_1.1.29build1_amd64.deb ...
Unpacking libpaper-utils (1.1.29build1) ...
Selecting previously unselected package libwebrtc-audio-processing1:amd64.
Preparing to unpack .../218-libwebrtc-audio-processing1_0.3.1-0ubuntu6_amd64.deb ...
Unpacking libwebrtc-audio-processing1:amd64 (0.3.1-0ubuntu6) ...
Selecting previously unselected package libspa-0.2-modules:amd64.
Preparing to unpack .../219-libspa-0.2-modules_1.0.5-1ubuntu3.3_amd64.deb ...
Unpacking libspa-0.2-modules:amd64 (1.0.5-1ubuntu3.3) ...
Selecting previously unselected package libpipewire-0.3-0t64:amd64.
Preparing to unpack .../220-libpipewire-0.3-0t64_1.0.5-1ubuntu3.3_amd64.deb ...
Unpacking libpipewire-0.3-0t64:amd64 (1.0.5-1ubuntu3.3) ...
Selecting previously unselected package libpipewire-0.3-common.
Preparing to unpack .../221-libpipewire-0.3-common_1.0.5-1ubuntu3.3_all.deb ...
Unpacking libpipewire-0.3-common (1.0.5-1ubuntu3.3) ...
Selecting previously unselected package libpsl-dev:amd64.
Preparing to unpack .../222-libpsl-dev_0.21.2-1.1build1_amd64.deb ...
Unpacking libpsl-dev:amd64 (0.21.2-1.1build1) ...
Selecting previously unselected package librsvg2-common:amd64.
Preparing to unpack .../223-librsvg2-common_2.58.0+dfsg-1build1_amd64.deb ...
Unpacking librsvg2-common:amd64 (2.58.0+dfsg-1build1) ...
Selecting previously unselected package librsvg2-dev:amd64.
Preparing to unpack .../224-librsvg2-dev_2.58.0+dfsg-1build1_amd64.deb ...
Unpacking librsvg2-dev:amd64 (2.58.0+dfsg-1build1) ...
Selecting previously unselected package libsysprof-capture-4-dev:amd64.
Preparing to unpack .../225-libsysprof-capture-4-dev_46.0-1build1_amd64.deb ...
Unpacking libsysprof-capture-4-dev:amd64 (46.0-1build1) ...
Selecting previously unselected package libsoup-3.0-dev:amd64.
Preparing to unpack .../226-libsoup-3.0-dev_3.4.4-5ubuntu0.8_amd64.deb ...
Unpacking libsoup-3.0-dev:amd64 (3.4.4-5ubuntu0.8) ...
Selecting previously unselected package libxcb-util1:amd64.
Preparing to unpack .../227-libxcb-util1_0.4.0-1build3_amd64.deb ...
Unpacking libxcb-util1:amd64 (0.4.0-1build3) ...
Selecting previously unselected package libstartup-notification0:amd64.
Preparing to unpack .../228-libstartup-notification0_0.12-6build3_amd64.deb ...
Unpacking libstartup-notification0:amd64 (0.12-6build3) ...
Selecting previously unselected package libtie-ixhash-perl.
Preparing to unpack .../229-libtie-ixhash-perl_1.23-4_all.deb ...
Unpacking libtie-ixhash-perl (1.23-4) ...
Selecting previously unselected package libwebkit2gtk-4.1-dev.
Preparing to unpack .../230-libwebkit2gtk-4.1-dev_2.52.6-0ubuntu0.24.04.1_amd64.deb ...
Unpacking libwebkit2gtk-4.1-dev (2.52.6-0ubuntu0.24.04.1) ...
Selecting previously unselected package libx11-protocol-perl.
Preparing to unpack .../231-libx11-protocol-perl_0.56-9_all.deb ...
Unpacking libx11-protocol-perl (0.56-9) ...
Selecting previously unselected package libxml-xpathengine-perl.
Preparing to unpack .../232-libxml-xpathengine-perl_0.14-2_all.deb ...
Unpacking libxml-xpathengine-perl (0.14-2) ...
Selecting previously unselected package libxxf86dga1:amd64.
Preparing to unpack .../233-libxxf86dga1_2%3a1.1.5-1build1_amd64.deb ...
Unpacking libxxf86dga1:amd64 (2:1.1.5-1build1) ...
Selecting previously unselected package obconf.
Preparing to unpack .../234-obconf_1%3a2.0.4+git20150213-3build1_amd64.deb ...
Unpacking obconf (1:2.0.4+git20150213-3build1) ...
Selecting previously unselected package openbox.
Preparing to unpack .../235-openbox_3.6.1-12build5_amd64.deb ...
Unpacking openbox (3.6.1-12build5) ...
Selecting previously unselected package python3-venv.
Preparing to unpack .../236-python3-venv_3.12.3-0ubuntu2.1_amd64.deb ...
Unpacking python3-venv (3.12.3-0ubuntu2.1) ...
Selecting previously unselected package scrot.
Preparing to unpack .../237-scrot_1.10-1build2_amd64.deb ...
Unpacking scrot (1.10-1build2) ...
Selecting previously unselected package sqlite3.
Preparing to unpack .../238-sqlite3_3.45.1-1ubuntu2.8_amd64.deb ...
Unpacking sqlite3 (3.45.1-1ubuntu2.8) ...
Selecting previously unselected package webkit2gtk-driver.
Preparing to unpack .../239-webkit2gtk-driver_2.52.6-0ubuntu0.24.04.1_amd64.deb ...
Unpacking webkit2gtk-driver (2.52.6-0ubuntu0.24.04.1) ...
Selecting previously unselected package x11-utils.
Preparing to unpack .../240-x11-utils_7.7+6build2_amd64.deb ...
Unpacking x11-utils (7.7+6build2) ...
Selecting previously unselected package x11-xserver-utils.
Preparing to unpack .../241-x11-xserver-utils_7.7+10build2_amd64.deb ...
Unpacking x11-xserver-utils (7.7+10build2) ...
Selecting previously unselected package xclip.
Preparing to unpack .../242-xclip_0.13-3_amd64.deb ...
Unpacking xclip (0.13-3) ...
Selecting previously unselected package xdg-desktop-portal.
Preparing to unpack .../243-xdg-desktop-portal_1.18.4-1ubuntu2.24.04.3_amd64.deb ...
Unpacking xdg-desktop-portal (1.18.4-1ubuntu2.24.04.3) ...
Selecting previously unselected package xdg-desktop-portal-gtk.
Preparing to unpack .../244-xdg-desktop-portal-gtk_1.15.1-1build2_amd64.deb ...
Unpacking xdg-desktop-portal-gtk (1.15.1-1build2) ...
Selecting previously unselected package xdg-utils.
Preparing to unpack .../245-xdg-utils_1.1.3-4.1ubuntu3_all.deb ...
Unpacking xdg-utils (1.1.3-4.1ubuntu3) ...
Preparing to unpack .../246-xserver-common_2%3a21.1.12-1ubuntu1.8_all.deb ...
Unpacking xserver-common (2:21.1.12-1ubuntu1.8) over (2:21.1.12-1ubuntu1.6) ...
Preparing to unpack .../247-xvfb_2%3a21.1.12-1ubuntu1.8_amd64.deb ...
Unpacking xvfb (2:21.1.12-1ubuntu1.8) over (2:21.1.12-1ubuntu1.6) ...
Selecting previously unselected package zutty.
Preparing to unpack .../248-zutty_0.14.8.20231210+dfsg1-1_amd64.deb ...
Unpacking zutty (0.14.8.20231210+dfsg1-1) ...
Selecting previously unselected package libauthen-sasl-perl.
Preparing to unpack .../249-libauthen-sasl-perl_2.1700-1ubuntu0.1_all.deb ...
Unpacking libauthen-sasl-perl (2.1700-1ubuntu0.1) ...
Selecting previously unselected package libxdo3:amd64.
Preparing to unpack .../250-libxdo3_1%3a3.20160805.1-5build1_amd64.deb ...
Unpacking libxdo3:amd64 (1:3.20160805.1-5build1) ...
Selecting previously unselected package xdotool.
Preparing to unpack .../251-xdotool_1%3a3.20160805.1-5build1_amd64.deb ...
Unpacking xdotool (1:3.20160805.1-5build1) ...
Setting up libpipewire-0.3-common (1.0.5-1ubuntu3.3) ...
Setting up bubblewrap (0.9.0-1ubuntu0.3) ...
Setting up libtext-iconv-perl:amd64 (1.7-8build3) ...
Setting up libcdparanoia0:amd64 (3.10.2+debian-14build3) ...
Setting up libwayland-server0:amd64 (1.22.0-2.1build1) ...
Setting up libpaper1:amd64 (1.1.29build1) ...

Creating config file /etc/papersize with new version
Setting up libnghttp2-dev:amd64 (1.59.0-1ubuntu0.4) ...
Setting up mesa-libgallium:amd64 (25.2.8-0ubuntu0.24.04.4) ...
Setting up libjpeg-turbo8-dev:amd64 (2.1.5-2ubuntu2) ...
Setting up libxft2:amd64 (2.3.6-1build1) ...
Setting up libtie-ixhash-perl (1.23-4) ...
Setting up libtag1v5-vanilla:amd64 (1.13.1-1build1) ...
Setting up libzstd-dev:amd64 (1.5.5+dfsg2-2build1.1) ...
Setting up fonts-noto-mono (20201225-2) ...
Setting up libv4lconvert0t64:amd64 (1.26.1-4build3) ...
Setting up libglvnd-core-dev:amd64 (1.7.0-1build1) ...
Setting up wget (1.21.4-1ubuntu4.5) ...
Setting up libfont-afm-perl (1.20-4) ...
Setting up libcurl4t64:amd64 (8.5.0-2ubuntu10.15) ...
Setting up libgbm1:amd64 (25.2.8-0ubuntu0.24.04.4) ...
Setting up libvisual-0.4-0:amd64 (0.4.2-2build1) ...
Setting up libclone-perl:amd64 (0.46-1build3) ...
Setting up libaspell15:amd64 (0.60.8.1-1build1) ...
Setting up libio-stringy-perl (2.111-3) ...
Setting up libhtml-tagset-perl (3.20-6) ...
Setting up libijs-0.35:amd64 (0.35-15.1build1) ...
Setting up libfribidi-dev:amd64 (1.0.13-3build1) ...
Setting up libauthen-sasl-perl (2.1700-1ubuntu0.1) ...
Setting up libxkbcommon-dev:amd64 (1.6.0-1build1) ...
Setting up libgs-common (10.02.1~dfsg1-0ubuntu7.9) ...
Setting up libsqlite3-0:amd64 (3.45.1-1ubuntu2.8) ...
Setting up liblwp-mediatypes-perl (6.04-2) ...
Setting up libgl1-mesa-dri:amd64 (25.2.8-0ubuntu0.24.04.4) ...
Setting up libtry-tiny-perl (0.31-2) ...
Setting up libxxf86dga1:amd64 (2:1.1.5-1build1) ...
Setting up libjbig-dev:amd64 (2.1-6.1ubuntu2) ...
Setting up libcurl3t64-gnutls:amd64 (8.5.0-2ubuntu10.15) ...
Setting up libwebrtc-audio-processing1:amd64 (0.3.1-0ubuntu6) ...
Setting up perl-openssl-defaults:amd64 (7build3) ...
Setting up libwebpdecoder3:amd64 (1.3.2-0.4build3) ...
Setting up libencode-locale-perl (1.05-3) ...
Setting up libpaper-utils (1.1.29build1) ...
Setting up libsoup-3.0-common (3.4.4-5ubuntu0.8) ...
Setting up fonts-urw-base35 (20200910-8) ...
Setting up x11-xserver-utils (7.7+10build2) ...
Setting up python3-markupsafe (2.1.5-1build2) ...
Setting up libopengl0:amd64 (1.7.0-1build1) ...
Setting up libxcb-util1:amd64 (0.4.0-1build3) ...
Setting up libpsl-dev:amd64 (0.21.2-1.1build1) ...
Setting up poppler-data (0.4.12-1) ...
Setting up libxfixes-dev:amd64 (1:6.0.0-2build1) ...
Setting up libsysprof-capture-4-dev:amd64 (46.0-1build1) ...
Setting up libxdo3:amd64 (1:3.20160805.1-5build1) ...
Setting up libid3tag0:amd64 (0.15.1b-14build1) ...
Setting up libwayland-bin (1.22.0-2.1build1) ...
Setting up libgraphite2-dev:amd64 (1.3.14-2ubuntu0.24.04.1) ...
Setting up libxrandr-dev:amd64 (2:1.5.2-2build1) ...
Setting up python3-pygments (2.17.2+dfsg-1) ...
Setting up libglib2.0-0t64:amd64 (2.80.0-6ubuntu3.9) ...
Setting up libegl-mesa0:amd64 (25.2.8-0ubuntu0.24.04.4) ...
Setting up libglib2.0-data (2.80.0-6ubuntu3.9) ...
Setting up libjavascriptcoregtk-4.1-0:amd64 (2.52.6-0ubuntu0.24.04.1) ...
Setting up libgles2:amd64 (1.7.0-1build1) ...
Setting up python3-venv (3.12.3-0ubuntu2.1) ...
Setting up emacsen-common (3.0.5) ...
Setting up libharfbuzz-cairo0:amd64 (8.3.0-2build2) ...
Setting up libsqlite3-dev:amd64 (3.45.1-1ubuntu2.8) ...
Setting up libdata-dump-perl (1.25-1) ...
Setting up libdbus-1-dev:amd64 (1.14.10-4ubuntu4.1) ...
Setting up libspa-0.2-modules:amd64 (1.0.5-1ubuntu3.3) ...
Setting up libjbig2dec0:amd64 (0.20-1ubuntu0.24.04.1) ...
Setting up libipc-system-simple-perl (1.30-2) ...
Setting up libxml-xpathengine-perl (0.14-2) ...
Setting up libgles1:amd64 (1.7.0-1build1) ...
Setting up libssl-dev:amd64 (3.0.13-0ubuntu3.16) ...
Setting up libshout3:amd64 (2.4.6-1build2) ...
Setting up libidn12:amd64 (1.42-1ubuntu0.1) ...
Setting up libio-html-perl (1.004-3) ...
Setting up python3-markdown (3.5.2-1) ...
Setting up xclip (0.13-3) ...
Setting up libobt2v5:amd64 (3.6.1-12build5) ...
Setting up icu-devtools (74.2-1ubuntu3.1) ...
Setting up libxinerama-dev:amd64 (2:1.1.4-3build1) ...
Setting up libdv4t64:amd64 (1.0.0-17.1build1) ...
Setting up gir1.2-glib-2.0:amd64 (2.80.0-6ubuntu3.9) ...
Setting up liblerc-dev:amd64 (4.0.0+ds-4ubuntu2) ...
Setting up librsvg2-common:amd64 (2.58.0+dfsg-1build1) ...
Setting up libfuse3-3:amd64 (3.14.0-5build1) ...
Setting up libtimedate-perl (2.3300-2) ...
Setting up libv4l-0t64:amd64 (1.26.1-4build3) ...
Setting up xdg-dbus-proxy (0.1.5-1ubuntu0.2) ...
Setting up wayland-protocols (1.45-1~ubuntu0.24.04.2) ...
Setting up libtag1v5:amd64 (1.13.1-1build1) ...
Setting up libdatrie-dev:amd64 (0.2.13-3build1) ...
Setting up gir1.2-glib-2.0-dev:amd64 (2.80.0-6ubuntu3.9) ...
Setting up libgdk-pixbuf2.0-bin (2.42.10+dfsg-3ubuntu3.3) ...
Setting up dbus-x11 (1.14.10-4ubuntu4.1) ...
Setting up libwavpack1:amd64 (5.6.0-1build1) ...
Setting up libegl1:amd64 (1.7.0-1build1) ...
Setting up x11-utils (7.7+6build2) ...
Setting up libharfbuzz-subset0:amd64 (8.3.0-2build2) ...
Setting up libglx-dev:amd64 (1.7.0-1build1) ...
Setting up libjson-glib-1.0-common (1.8.0-2build2) ...
Setting up curl (8.5.0-2ubuntu10.15) ...
Setting up fonts-droid-fallback (1:6.0.1r16-1.1build1) ...
Setting up xserver-common (2:21.1.12-1ubuntu1.8) ...
Setting up libopengl-dev:amd64 (1.7.0-1build1) ...
Setting up glib-networking-common (2.80.0-1build1) ...
Setting up libjpeg8-dev:amd64 (8c-2ubuntu11) ...
Setting up fonts-noto-ui-core (20201225-2) ...
Setting up libxi-dev:amd64 (2:1.8.1-1build1) ...
Setting up libsharpyuv-dev:amd64 (1.3.2-0.4build3) ...
Setting up openssl (3.0.13-0ubuntu3.16) ...
Setting up libtiffxx6:amd64 (4.5.1+git230720-4ubuntu2.5) ...
Setting up libdeflate-dev:amd64 (1.19-1build1.1) ...
Setting up libevdev2:amd64 (1.13.1+dfsg-1build1) ...
Setting up libpipewire-0.3-0t64:amd64 (1.0.5-1ubuntu3.3) ...
Setting up libicu-dev:amd64 (74.2-1ubuntu3.1) ...
Setting up fonts-noto-core (20201225-2) ...
Setting up xdg-utils (1.1.3-4.1ubuntu3) ...
update-alternatives: using /usr/bin/xdg-open to provide /usr/bin/open (open) in auto mode
update-alternatives: warning: skip creation of /usr/share/man/man1/open.1.gz because associated file /usr/share/man/man1/xdg-open.1.gz (of link group open) doesn't exist
Setting up liburi-perl (5.27-1) ...
Setting up libgl-dev:amd64 (1.7.0-1build1) ...
Setting up sqlite3 (3.45.1-1ubuntu2.8) ...
Setting up libx11-protocol-perl (0.56-9) ...
Setting up libgudev-1.0-0:amd64 (1:238-5ubuntu1) ...
Setting up libsecret-common (0.21.4-1build3) ...
Setting up libgraphene-1.0-0:amd64 (1.10.8-3build2) ...
Setting up python3-mako (1.3.2-1ubuntu0.1) ...
Setting up libaa1:amd64 (1.4p5-51.1) ...
Setting up libxft-dev:amd64 (2.3.6-1build1) ...
Setting up libxtst-dev:amd64 (2:1.2.3-1.1build1) ...
Setting up libstartup-notification0:amd64 (0.12-6build3) ...
Setting up libnet-ssleay-perl:amd64 (1.94-1build4) ...
Setting up libxdamage-dev:amd64 (1:1.1.6-1build1) ...
Setting up libgs10-common (10.02.1~dfsg1-0ubuntu7.9) ...
Setting up libglib2.0-dev-bin (2.80.0-6ubuntu3.9) ...
Setting up libhttp-date-perl (6.06-1ubuntu0.24.04.1) ...
Setting up session-migration (0.3.9build1) ...
Created symlink /etc/systemd/user/graphical-session-pre.target.wants/session-migration.service → /usr/lib/systemd/user/session-migration.service.
Setting up libproxy1v5:amd64 (0.5.4-4build1) ...
Setting up libfile-basedir-perl (0.09-2) ...
Setting up gir1.2-freedesktop:amd64 (1.80.1-1) ...
Setting up libglx-mesa0:amd64 (25.2.8-0ubuntu0.24.04.4) ...
Setting up libfile-listing-perl (6.16-1) ...
Setting up libpangoxft-1.0-0:amd64 (1.52.1+ds-1build1) ...
Setting up gir1.2-gdkpixbuf-2.0:amd64 (2.42.10+dfsg-3ubuntu3.3) ...
Setting up xdotool (1:3.20160805.1-5build1) ...
Setting up libegl-dev:amd64 (1.7.0-1build1) ...
Setting up dictionaries-common (1.29.7) ...
Setting up libgirepository-2.0-0:amd64 (2.80.0-6ubuntu3.9) ...
Setting up gir1.2-atk-1.0:amd64 (2.52.0-1build1) ...
Setting up libxcomposite-dev:amd64 (1:0.4.5-1build3) ...
Setting up libxcursor-dev:amd64 (1:1.2.1-1build1) ...
Setting up libdbusmenu-glib4:amd64 (18.10.20180917~bzr492+repack1-3.1ubuntu5) ...
Setting up xvfb (2:21.1.12-1ubuntu1.8) ...
Setting up libmanette-0.2-0:amd64 (0.2.7-1build2) ...
Setting up gobject-introspection-bin (1.80.1-1) ...
Setting up libepoxy-dev:amd64 (1.5.10-1build1) ...
Setting up pango1.0-tools (1.52.1+ds-1build1) ...
Setting up libjpeg-dev:amd64 (8c-2ubuntu11) ...
Setting up libglib2.0-bin (2.80.0-6ubuntu3.9) ...
Setting up libnet-http-perl (6.23-1) ...
Setting up libgstreamer-plugins-base1.0-0:amd64 (1.24.2-1ubuntu0.5) ...
Setting up libharfbuzz-gobject0:amd64 (8.3.0-2build2) ...
Setting up gir1.2-atspi-2.0:amd64 (2.52.0-1build1) ...
Setting up gir1.2-girepository-2.0-dev:amd64 (1.80.1-1) ...
Setting up libayatana-ido3-0.4-0:amd64 (0.10.1-1build2) ...
Setting up libwayland-dev:amd64 (1.22.0-2.1build1) ...
Setting up gir1.2-harfbuzz-0.0:amd64 (8.3.0-2build2) ...
Setting up gir1.2-javascriptcoregtk-4.1:amd64 (2.52.6-0ubuntu0.24.04.1) ...
Setting up libjson-glib-1.0-0:amd64 (1.8.0-2build2) ...
Setting up fuse3 (3.14.0-5build1) ...
Setting up gir1.2-pango-1.0:amd64 (1.52.1+ds-1build1) ...
Setting up libsecret-1-0:amd64 (0.21.4-1build3) ...
Setting up libgstreamer-plugins-good1.0-0:amd64 (1.24.2-1ubuntu1.8) ...
Setting up libwebp-dev:amd64 (1.3.2-0.4build3) ...
Setting up libgstreamer-gl1.0-0:amd64 (1.24.2-1ubuntu0.5) ...
Setting up gstreamer1.0-plugins-base:amd64 (1.24.2-1ubuntu0.5) ...
Setting up libglib2.0-dev:amd64 (2.80.0-6ubuntu3.9) ...
Setting up libtiff-dev:amd64 (4.5.1+git230720-4ubuntu2.5) ...
Setting up gir1.2-freedesktop-dev:amd64 (1.80.1-1) ...
Setting up aspell (0.60.8.1-1build1) ...
Setting up libfile-desktopentry-perl (0.22-3) ...
Setting up libthai-dev:amd64 (0.1.29-2build1) ...
Setting up gir1.2-ayatanaido3-0.4:amd64 (0.10.1-1build2) ...
Setting up libwww-robotrules-perl (6.02-1) ...
Setting up zutty (0.14.8.20231210+dfsg1-1) ...
update-alternatives: using /usr/bin/zutty to provide /usr/bin/x-terminal-emulator (x-terminal-emulator) in auto mode
update-alternatives: warning: skip creation of /usr/share/man/man1/x-terminal-emulator.1.gz because associated file /usr/share/man/man1/zutty.1.gz (of link group x-terminal-emulator) doesn't exist
Setting up libhtml-parser-perl:amd64 (3.81-1ubuntu0.1) ...
Setting up hunspell-en-us (1:2020.12.07-2) ...
Setting up libgles-dev:amd64 (1.7.0-1build1) ...
Setting up gir1.2-rsvg-2.0:amd64 (2.58.0+dfsg-1build1) ...
Setting up libayatana-indicator3-7:amd64 (0.9.4-1build1) ...
Setting up libio-socket-ssl-perl (2.085-1) ...
Setting up libjavascriptcoregtk-4.1-dev:amd64 (2.52.6-0ubuntu0.24.04.1) ...
Setting up libatk1.0-dev:amd64 (2.52.0-1build1) ...
Setting up libhttp-message-perl (6.45-1ubuntu1) ...
Setting up libhtml-form-perl (6.11-1) ...
Setting up libgs10:amd64 (10.02.1~dfsg1-0ubuntu7.9) ...
Setting up gstreamer1.0-gl:amd64 (1.24.2-1ubuntu0.5) ...
Setting up libgdk-pixbuf-2.0-dev:amd64 (2.42.10+dfsg-3ubuntu3.3) ...
Setting up gsettings-desktop-schemas (46.1-0ubuntu1) ...
Setting up glib-networking-services (2.80.0-1build1) ...
Setting up libfile-mimeinfo-perl (0.34-1) ...
Setting up libhttp-negotiate-perl (6.01-2) ...
Setting up libharfbuzz-dev:amd64 (8.3.0-2build2) ...
Setting up libdbusmenu-gtk3-4:amd64 (18.10.20180917~bzr492+repack1-3.1ubuntu5) ...
Setting up gstreamer1.0-x:amd64 (1.24.2-1ubuntu0.5) ...
Setting up xdg-desktop-portal (1.18.4-1ubuntu2.24.04.3) ...
Created symlink /etc/systemd/user/graphical-session-pre.target.wants/xdg-desktop-portal-rewrite-launchers.service → /usr/lib/systemd/user/xdg-desktop-portal-rewrite-launchers.service.
Setting up gir1.2-dbusmenu-glib-0.4:amd64 (18.10.20180917~bzr492+repack1-3.1ubuntu5) ...
Setting up libhttp-cookies-perl (6.11-1) ...
Setting up libenchant-2-2:amd64 (2.3.3-2build2) ...
Setting up libhtml-tree-perl (5.07-3) ...
Setting up gir1.2-gtk-3.0:amd64 (3.24.41-4ubuntu1.3) ...
Setting up aspell-en (2020.12.07-0-1) ...
Setting up gobject-introspection:amd64 (1.80.1-1) ...
Setting up libglvnd-dev:amd64 (1.7.0-1build1) ...
Setting up enchant-2 (2.3.3-2build2) ...
Setting up libspectre1:amd64 (0.2.12-1build2) ...
Setting up libhtml-format-perl (2.16-2) ...
Setting up libnet-smtp-ssl-perl (1.04-2) ...
Setting up libmailtools-perl (2.21-2) ...
Setting up libayatana-appindicator3-1 (0.5.93-1build3) ...
Setting up libpango1.0-dev:amd64 (1.52.1+ds-1build1) ...
Setting up libgirepository-1.0-dev:amd64 (1.80.1-1) ...
Setting up libdbusmenu-glib-dev:amd64 (18.10.20180917~bzr492+repack1-3.1ubuntu5) ...
Setting up libhttp-daemon-perl (6.16-1ubuntu0.24.04.1) ...
Setting up glib-networking:amd64 (2.80.0-1build1) ...
Setting up gir1.2-ayatanaappindicator3-0.1 (0.5.93-1build3) ...
Setting up libegl1-mesa-dev:amd64 (25.2.8-0ubuntu0.24.04.4) ...
Setting up xdg-desktop-portal-gtk (1.15.1-1build2) ...
Setting up libimlib2t64:amd64 (1.12.1-1.1build2) ...
Setting up libsoup-3.0-0:amd64 (3.4.4-5ubuntu0.8) ...
Setting up libgirepository1.0-dev (1.80.1-1) ...
Setting up gir1.2-soup-3.0:amd64 (3.4.4-5ubuntu0.8) ...
Setting up librsvg2-dev:amd64 (2.58.0+dfsg-1build1) ...
Setting up libobrender32v5 (3.6.1-12build5) ...
Setting up scrot (1.10-1build2) ...
Setting up obconf (1:2.0.4+git20150213-3build1) ...
Setting up gstreamer1.0-plugins-good:amd64 (1.24.2-1ubuntu1.8) ...
Setting up libsoup-3.0-dev:amd64 (3.4.4-5ubuntu0.8) ...
Setting up openbox (3.6.1-12build5) ...
update-alternatives: using /usr/bin/openbox to provide /usr/bin/x-window-manager (x-window-manager) in auto mode
update-alternatives: warning: skip creation of /usr/share/man/man1/x-window-manager.1.gz because associated file /usr/share/man/man1/openbox.1.gz (of link group x-window-manager) doesn't exist
update-alternatives: using /usr/bin/openbox-session to provide /usr/bin/x-session-manager (x-session-manager) in auto mode
update-alternatives: warning: skip creation of /usr/share/man/man1/x-session-manager.1.gz because associated file /usr/share/man/man1/openbox-session.1.gz (of link group x-session-manager) doesn't exist
Setting up libwebkit2gtk-4.1-0:amd64 (2.52.6-0ubuntu0.24.04.1) ...
Setting up gir1.2-webkit2-4.1:amd64 (2.52.6-0ubuntu0.24.04.1) ...
Setting up webkit2gtk-driver (2.52.6-0ubuntu0.24.04.1) ...
Setting up liblwp-protocol-https-perl (6.13-1) ...
Setting up libwww-perl (6.76-1ubuntu0.1) ...
Setting up libxml-parser-perl (2.47-1ubuntu0.24.04.1) ...
Setting up libxml-twig-perl (1:3.52-2) ...
Setting up libnet-dbus-perl (1.2.0-2build3) ...
Processing triggers for shared-mime-info (2.4-4) ...
Processing triggers for postgresql-common (257build1.1) ...
Building PostgreSQL dictionaries from installed myspell/hunspell packages...
  en_us
Removing obsolete dictionary files:
Processing triggers for libgdk-pixbuf-2.0-0:amd64 (2.42.10+dfsg-3ubuntu3.3) ...
Processing triggers for sgml-base (1.31) ...
Setting up libatspi2.0-dev:amd64 (2.52.0-1build1) ...
Processing triggers for fontconfig (2.15.0-1.1ubuntu2) ...
Processing triggers for hicolor-icon-theme (0.17-2) ...
Processing triggers for libc-bin (2.39-0ubuntu8.7) ...
Setting up libatk-bridge2.0-dev:amd64 (2.52.0-1build1) ...
Setting up libgtk-3-dev:amd64 (3.24.41-4ubuntu1.3) ...
Setting up libayatana-ido3-dev (0.10.1-1build2) ...
Setting up libayatana-indicator3-dev (0.9.4-1build1) ...
Setting up libwebkit2gtk-4.1-dev (2.52.6-0ubuntu0.24.04.1) ...
Setting up libayatana-appindicator3-dev (0.5.93-1build3) ...
Processing triggers for dictionaries-common (1.29.7) ...
aspell-autobuildhash: processing: en [en-common].
aspell-autobuildhash: processing: en [en-variant_0].
aspell-autobuildhash: processing: en [en-variant_1].
aspell-autobuildhash: processing: en [en-variant_2].
aspell-autobuildhash: processing: en [en-w_accents-only].
aspell-autobuildhash: processing: en [en-wo_accents-only].
aspell-autobuildhash: processing: en [en_AU-variant_0].
aspell-autobuildhash: processing: en [en_AU-variant_1].
aspell-autobuildhash: processing: en [en_AU-w_accents-only].
aspell-autobuildhash: processing: en [en_AU-wo_accents-only].
aspell-autobuildhash: processing: en [en_CA-variant_0].
aspell-autobuildhash: processing: en [en_CA-variant_1].
aspell-autobuildhash: processing: en [en_CA-w_accents-only].
aspell-autobuildhash: processing: en [en_CA-wo_accents-only].
aspell-autobuildhash: processing: en [en_GB-ise-w_accents-only].
aspell-autobuildhash: processing: en [en_GB-ise-wo_accents-only].
aspell-autobuildhash: processing: en [en_GB-ize-w_accents-only].
aspell-autobuildhash: processing: en [en_GB-ize-wo_accents-only].
aspell-autobuildhash: processing: en [en_GB-variant_0].
aspell-autobuildhash: processing: en [en_GB-variant_1].
aspell-autobuildhash: processing: en [en_US-w_accents-only].
aspell-autobuildhash: processing: en [en_US-wo_accents-only].
## pnpm install Mon Oct  5 04:45:26 UTC 2026
## python venv (.tools/venv): openpyxl
Collecting openpyxl
  Downloading openpyxl-3.1.5-py2.py3-none-any.whl.metadata (2.5 kB)
Collecting et-xmlfile (from openpyxl)
  Downloading et_xmlfile-2.0.0-py3-none-any.whl.metadata (2.7 kB)
Downloading openpyxl-3.1.5-py2.py3-none-any.whl (250 kB)
   ━━━━━━━━━━━━━━━━━━━━━━━━━━━━━━━━━━━━━━━━ 250.9/250.9 kB 19.4 MB/s eta 0:00:00
Downloading et_xmlfile-2.0.0-py3-none-any.whl (18 kB)
Installing collected packages: et-xmlfile, openpyxl
Successfully installed et-xmlfile-2.0.0 openpyxl-3.1.5

[notice] A new release of pip is available: 24.0 -> 26.2.1
[notice] To update, run: python3 -m pip install --upgrade pip
## useradd qauser (unprivileged runner)
